<?xml version="1.0" encoding="UTF-8"?><feed xmlns="http://www.w3.org/2005/Atom" xsi:schemaLocation="http://naesb.org/espi espi.xsd" xmlns:xsi="http://www.w3.org/2001/XMLSchema-instance"><id>urn:uuid:0fbbd9eb-c1ec-428f-b5cf-e4d7b4480c91</id><title>NISC Readings Feed</title><updated>2025-10-21T19:54:27Z</updated><link rel="self" href="/NISC/0fbbd9eb-c1ec-428f-b5cf-e4d7b4480c91/Readings"/><entry><id>urn:uuid:redacted_user_id</id><link rel="self" href="/User/redacted_user_id/UsagePoint/0"/><link rel="up" href="/NISC/0fbbd9eb-c1ec-428f-b5cf-e4d7b4480c91/Readings"/><link rel="related" href="/User/redacted_user_id/UsagePoint/0/MeterReading"/><link rel="related" href="/User/redacted_user_id/UsagePoint/0/LocalTimeParameters"/><link rel="related" href="/User/redacted_user_id/UsagePoint/0/ElectricPowerUsageSummary"/><title>redacted_user_id</title><content><UsagePoint xmlns="http://naesb.org/espi"><ServiceCategory><kind>0</kind></ServiceCategory><ServiceDeliveryPoint><name>redacted_account</name><tariffProfile>NNTCO,NNTGE,R1</tariffProfile></ServiceDeliveryPoint></UsagePoint></content><published>2025-10-21T19:54:27Z</published><updated>2025-10-21T19:54:27Z</updated></entry><entry><id>urn:uuid:9e746d24-8b1d-484f-9323-e0b80fe25177</id><link rel="self" href="/User/redacted_user_id/UsagePoint/0/LocalTimeParameters"/><link rel="up" href="/User/redacted_user_id/UsagePoint/0"/><title>TimeZone Info</title><content><LocalTimeParameters xmlns="http://naesb.org/espi"><dstEndRule>B40E2000</dstEndRule><dstOffset>3600</dstOffset><dstStartRule>360E2000</dstStartRule><tzOffset>-25200</tzOffset></LocalTimeParameters></content><published>2025-10-21T19:54:27Z</published><updated>2025-10-21T19:54:27Z</updated></entry><entry><id>urn:uuid:0eb319d7-7251-4230-a8af-a37b848ff40e</id><link rel="self" href="/User/redacted_user_id/UsagePoint/0/ElectricPowerUsageSummary/01"/><link rel="up" href="/User/redacted_user_id/UsagePoint/0/ElectricPowerUsageSummary"/><title>Usage Summary</title><published>2025-10-21T19:54:27Z</published><updated>2025-10-21T19:54:27Z</updated></entry><entry><id>urn:uuid:f35e1741-da76-4564-8044-d5888294959e</id><link rel="self" href="/User/redacted_user_id/UsagePoint/0/MeterReading/01/IntervalBlock/0"/><link rel="up" href="/User/redacted_user_id/UsagePoint/0/MeterReading/01/IntervalBlock"/><link rel="related" href="/User/redacted_user_id/UsagePoint/0/MeterReading/01"/><title/><content><IntervalBlock xmlns="http://naesb.org/espi"><interval><duration>172800</duration><start>1760853600</start><uom>72</uom><currency>840</currency></interval><IntervalReading><powerOfTenMultiplier>3</powerOfTenMultiplier><timePeriod><duration>86400</duration><start>1760853600</start></timePeriod><value>49600</value></IntervalReading><IntervalReading><powerOfTenMultiplier>3</powerOfTenMultiplier><timePeriod><duration>86400</duration><start>1760940000</start></timePeriod><value>23030</value></IntervalReading></IntervalBlock></content><published>2025-10-21T19:54:27Z</published><updated>2025-10-21T19:54:27Z</updated></entry><entry><id>urn:uuid:101c7835-3dda-4b4a-b039-887a26e47eef</id><link rel="self" href="/User/redacted_user_id/UsagePoint/0/ReadingType/01"/><link rel="up" href="/User/redacted_user_id/UsagePoint/0/MeterReading/01"/><title>Energy (KWH)</title><content><ReadingType xmlns="http://naesb.org/espi"><accumulationBehaviour>4</accumulationBehaviour><commodity>1</commodity><currency>840</currency><dataQualifier>12</dataQualifier><flowDirection>1</flowDirection><intervalLength>86400</intervalLength><kind>12</kind><phase>0</phase><powerOfTenMultiplier>0</powerOfTenMultiplier><timeAttribute>0</timeAttribute><uom>72</uom></ReadingType></content><published>2025-10-21T19:54:27Z</published><updated>2025-10-21T19:54:27Z</updated></entry><entry><id>urn:uuid:d848f7df-efcf-461b-8412-0124c04821a3</id><link rel="self" href="/User/redacted_user_id/UsagePoint/0/MeterReading/01"/><link rel="up" href="/User/redacted_user_id/UsagePoint/0/MeterReading"/><link rel="related" href="/User/redacted_user_id/UsagePoint/0/MeterReading/01/IntervalBlock"/><link rel="related" href="/User/redacted_user_id/UsagePoint/0/ReadingType/01"/><title>Energy Consumption</title><content><MeterReading xmlns="http://naesb.org/espi"/></content><published>2025-10-21T19:54:27Z</published><updated>2025-10-21T19:54:27Z</updated></entry><entry><id>urn:uuid:f14e2798-45c0-4d98-9a00-21b855ec406e</id><link rel="self" href="/User/redacted_user_id/UsagePoint/0/MeterReading/02/IntervalBlock/0"/><link rel="up" href="/User/redacted_user_id/UsagePoint/0/MeterReading/02/IntervalBlock"/><link rel="related" href="/User/redacted_user_id/UsagePoint/0/MeterReading/02"/><title/><content><IntervalBlock xmlns="http://naesb.org/espi"><interval><duration>172800</duration><start>1760853600</start><uom>72</uom><currency>840</currency></interval><IntervalReading><powerOfTenMultiplier>3</powerOfTenMultiplier><timePeriod><duration>86400</duration><start>1760853600</start></timePeriod><value>38600</value></IntervalReading><IntervalReading><powerOfTenMultiplier>3</powerOfTenMultiplier><timePeriod><duration>86400</duration><start>1760940000</start></timePeriod><value>-6490</value></IntervalReading></IntervalBlock></content><published>2025-10-21T19:54:27Z</published><updated>2025-10-21T19:54:27Z</updated></entry><entry><id>urn:uuid:c6b68d68-cb8c-45ab-9efb-220a63a627ef</id><link rel="self" href="/User/redacted_user_id/UsagePoint/0/ReadingType/02"/><link rel="up" href="/User/redacted_user_id/UsagePoint/0/MeterReading/02"/><title>Energy (KWH)</title><content><ReadingType xmlns="http://naesb.org/espi"><accumulationBehaviour>4</accumulationBehaviour><commodity>1</commodity><currency>840</currency><dataQualifier>12</dataQualifier><flowDirection>4</flowDirection><intervalLength>86400</intervalLength><kind>12</kind><phase>0</phase><powerOfTenMultiplier>0</powerOfTenMultiplier><timeAttribute>0</timeAttribute><uom>72</uom></ReadingType></content><published>2025-10-21T19:54:27Z</published><updated>2025-10-21T19:54:27Z</updated></entry><entry><id>urn:uuid:94b9b98b-dd84-4f71-bef5-461d46125d3c</id><link rel="self" href="/User/redacted_user_id/UsagePoint/0/MeterReading/02"/><link rel="up" href="/User/redacted_user_id/UsagePoint/0/MeterReading"/><link rel="related" href="/User/redacted_user_id/UsagePoint/0/MeterReading/02/IntervalBlock"/><link rel="related" href="/User/redacted_user_id/UsagePoint/0/ReadingType/02"/><title>Energy Consumption</title><content><MeterReading xmlns="http://naesb.org/espi"/></content><published>2025-10-21T19:54:27Z</published><updated>2025-10-21T19:54:27Z</updated></entry><entry><id>urn:uuid:f70bf3c2-6210-411b-88c7-2dadc2978f3c</id><link rel="self" href="/User/redacted_user_id/UsagePoint/0/MeterReading/03/IntervalBlock/0"/><link rel="up" href="/User/redacted_user_id/UsagePoint/0/MeterReading/03/IntervalBlock"/><link rel="related" href="/User/redacted_user_id/UsagePoint/0/MeterReading/03"/><title/><content><IntervalBlock xmlns="http://naesb.org/espi"><interval><duration>172800</duration><start>1760853600</start><uom>72</uom><currency>840</currency></interval><IntervalReading><powerOfTenMultiplier>3</powerOfTenMultiplier><timePeriod><duration>86400</duration><start>1760853600</start></timePeriod><value>-11000</value></IntervalReading><IntervalReading><powerOfTenMultiplier>3</powerOfTenMultiplier><timePeriod><duration>86400</duration><start>1760940000</start></timePeriod><value>-29520</value></IntervalReading></IntervalBlock></content><published>2025-10-21T19:54:27Z</published><updated>2025-10-21T19:54:27Z</updated></entry><entry><id>urn:uuid:0dcf189c-9f84-45d9-bba0-6ee6fcff7912</id><link rel="self" href="/User/redacted_user_id/UsagePoint/0/ReadingType/03"/><link rel="up" href="/User/redacted_user_id/UsagePoint/0/MeterReading/03"/><title>Energy (KWH)</title><content><ReadingType xmlns="http://naesb.org/espi"><accumulationBehaviour>4</accumulationBehaviour><commodity>1</commodity><currency>840</currency><dataQualifier>12</dataQualifier><flowDirection>19</flowDirection><intervalLength>86400</intervalLength><kind>12</kind><phase>0</phase><powerOfTenMultiplier>0</powerOfTenMultiplier><timeAttribute>0</timeAttribute><uom>72</uom></ReadingType></content><published>2025-10-21T19:54:27Z</published><updated>2025-10-21T19:54:27Z</updated></entry><entry><id>urn:uuid:f78aca69-b15f-49c3-bbe4-7549fd78a2e9</id><link rel="self" href="/User/redacted_user_id/UsagePoint/0/MeterReading/03"/><link rel="up" href="/User/redacted_user_id/UsagePoint/0/MeterReading"/><link rel="related" href="/User/redacted_user_id/UsagePoint/0/MeterReading/03/IntervalBlock"/><link rel="related" href="/User/redacted_user_id/UsagePoint/0/ReadingType/03"/><title>Energy Consumption</title><content><MeterReading xmlns="http://naesb.org/espi"/></content><published>2025-10-21T19:54:27Z</published><updated>2025-10-21T19:54:27Z</updated></entry><entry><id>urn:uuid:8b057cf9-3e06-4bbc-a915-c6a381f4321e</id><link rel="self" href="/User/redacted_user_id/UsagePoint/0/MeterReading/04/IntervalBlock/0"/><link rel="up" href="/User/redacted_user_id/UsagePoint/0/MeterReading/04/IntervalBlock"/><link rel="related" href="/User/redacted_user_id/UsagePoint/0/MeterReading/04"/><title/><content><IntervalBlock xmlns="http://naesb.org/espi"><interval><duration>172800</duration><start>1760853600</start><uom>38</uom><currency>840</currency></interval><IntervalReading><powerOfTenMultiplier>3</powerOfTenMultiplier><timePeriod><duration>86400</duration><start>1760853600</start></timePeriod><value>10672</value></IntervalReading></IntervalBlock></content><published>2025-10-21T19:54:27Z</published><updated>2025-10-21T19:54:27Z</updated></entry><entry><id>urn:uuid:654e041e-ded7-4bfe-a0c2-fddebef7acf7</id><link rel="self" href="/User/redacted_user_id/UsagePoint/0/ReadingType/04"/><link rel="up" href="/User/redacted_user_id/UsagePoint/0/MeterReading/04"/><title>Energy (KW)</title><content><ReadingType xmlns="http://naesb.org/espi"><accumulationBehaviour>4</accumulationBehaviour><commodity>1</commodity><currency>840</currency><dataQualifier>12</dataQualifier><flowDirection>1</flowDirection><intervalLength>86400</intervalLength><kind>12</kind><phase>0</phase><powerOfTenMultiplier>0</powerOfTenMultiplier><timeAttribute>0</timeAttribute><uom>38</uom></ReadingType></content><published>2025-10-21T19:54:27Z</published><updated>2025-10-21T19:54:27Z</updated></entry><entry><id>urn:uuid:6b933805-6631-4fcc-8843-827e42b71428</id><link rel="self" href="/User/redacted_user_id/UsagePoint/0/MeterReading/04"/><link rel="up" href="/User/redacted_user_id/UsagePoint/0/MeterReading"/><link rel="related" href="/User/redacted_user_id/UsagePoint/0/MeterReading/04/IntervalBlock"/><link rel="related" href="/User/redacted_user_id/UsagePoint/0/ReadingType/04"/><title>Energy Consumption</title><content><MeterReading xmlns="http://naesb.org/espi"/></content><published>2025-10-21T19:54:27Z</published><updated>2025-10-21T19:54:27Z</updated></entry></feed>