sep=,
Version CSV3|Tool WebUI|Linebreaks CR/LF|Delimiter comma

,STP6.0-3AV-40 033,STP6.0-3AV-40 033,STP6.0-3AV-40 033,STP6.0-3AV-40 033,STP6.0-3AV-40 033
,SUNNY TRIPOWER 6.0,SUNNY TRIPOWER 6.0,SUNNY TRIPOWER 6.0,SUNNY TRIPOWER 6.0,SUNNY TRIPOWER 6.0
,XXXXXXXXXX,XXXXXXXXXX,XXXXXXXXXX,XXXXXXXXXX,XXXXXXXXXX
,Metering.TotWhOut,Metering.GridMs.TotWhOut,Metering.GridMs.AbsWhOut,Metering.GridMs.TotWhIn,Metering.GridMs.AbsWhIn
,Analog,Analog,Analog,Analog,Analog
DD.MM.YYYY hh:mm:ss,[Wh],[Wh],[Wh],[Wh],[Wh]
23.03.2020 00:00:00,0,0,NaN,0,NaN
24.03.2020 00:00:00,NaN,0,NaN,0,NaN
25.03.2020 00:00:00,10805,0,NaN,0,NaN
26.03.2020 00:00:00,48058,0,NaN,0,NaN
27.03.2020 00:00:00,86493,0,NaN,0,NaN
28.03.2020 00:00:00,124692,0,NaN,0,NaN
29.03.2020 00:00:00,162041,0,NaN,0,NaN
30.03.2020 00:00:00,199774,0,NaN,0,NaN
31.03.2020 00:00:00,NaN,0,NaN,0,NaN
01.04.2020 00:00:00,268980,0,NaN,0,NaN
02.04.2020 00:00:00,304847,0,NaN,0,NaN
03.04.2020 00:00:00,344142,0,NaN,0,NaN
04.04.2020 00:00:00,364570,0,NaN,0,NaN
05.04.2020 00:00:00,403618,0,NaN,0,NaN
06.04.2020 00:00:00,429830,0,NaN,0,NaN
07.04.2020 00:00:00,443883,0,NaN,0,NaN
08.04.2020 00:00:00,467829,0,NaN,0,NaN
09.04.2020 00:00:00,505869,0,NaN,0,NaN
10.04.2020 00:00:00,544476,0,NaN,0,NaN
11.04.2020 00:00:00,573813,0,NaN,0,NaN
12.04.2020 00:00:00,610282,0,NaN,0,NaN
13.04.2020 00:00:00,644762,0,NaN,0,NaN
14.04.2020 00:00:00,678157,0,NaN,0,NaN
15.04.2020 00:00:00,715121,0,NaN,0,NaN
16.04.2020 00:00:00,752835,0,NaN,0,NaN
17.04.2020 00:00:00,783660,0,NaN,0,NaN
18.04.2020 00:00:00,811879,0,NaN,0,NaN
19.04.2020 00:00:00,828608,0,NaN,0,NaN
20.04.2020 00:00:00,863948,0,NaN,0,NaN
21.04.2020 00:00:00,896566,0,NaN,0,NaN
22.04.2020 00:00:00,933668,0,NaN,0,NaN
23.04.2020 00:00:00,945227,0,NaN,0,NaN
24.04.2020 00:00:00,985511,0,NaN,0,NaN
25.04.2020 00:00:00,1026356,0,NaN,0,NaN
26.04.2020 00:00:00,1066674,0,NaN,0,NaN
27.04.2020 00:00:00,1106781,0,NaN,0,NaN
28.04.2020 00:00:00,1144271,0,NaN,0,NaN
29.04.2020 00:00:00,1184290,0,NaN,0,NaN
30.04.2020 00:00:00,1215504,0,NaN,0,NaN
01.05.2020 00:00:00,1254992,0,NaN,0,NaN
02.05.2020 00:00:00,1291888,0,NaN,0,NaN
03.05.2020 00:00:00,1297021,0,NaN,0,NaN
04.05.2020 00:00:00,1313490,0,NaN,0,NaN
05.05.2020 00:00:00,1341089,0,NaN,0,NaN
06.05.2020 00:00:00,1370129,0,NaN,0,NaN
07.05.2020 00:00:00,1402212,0,NaN,0,NaN
08.05.2020 00:00:00,1427040,0,NaN,0,NaN
09.05.2020 00:00:00,1467993,0,NaN,0,NaN
10.05.2020 00:00:00,1510387,0,NaN,0,NaN
11.05.2020 00:00:00,1551292,0,NaN,0,NaN
12.05.2020 00:00:00,1588550,0,NaN,0,NaN
13.05.2020 00:00:00,NaN,0,NaN,0,NaN
14.05.2020 00:00:00,1658172,0,NaN,0,NaN
15.05.2020 00:00:00,1675762,0,NaN,0,NaN
16.05.2020 00:00:00,1715322,0,NaN,0,NaN
17.05.2020 00:00:00,1736770,0,NaN,0,NaN
18.05.2020 00:00:00,1760784,0,NaN,0,NaN
19.05.2020 00:00:00,1791804,0,NaN,0,NaN
20.05.2020 00:00:00,1827263,0,NaN,0,NaN
21.05.2020 00:00:00,1857893,0,NaN,0,NaN
22.05.2020 00:00:00,1897456,0,NaN,0,NaN
23.05.2020 00:00:00,1938310,0,NaN,0,NaN
24.05.2020 00:00:00,1978864,0,NaN,0,NaN
25.05.2020 00:00:00,2017445,0,NaN,0,NaN
26.05.2020 00:00:00,2056689,0,NaN,0,NaN
27.05.2020 00:00:00,2078277,0,NaN,0,NaN
28.05.2020 00:00:00,2117978,0,NaN,0,NaN
29.05.2020 00:00:00,2124595,0,NaN,0,NaN
30.05.2020 00:00:00,2165010,0,NaN,0,NaN
31.05.2020 00:00:00,2203558,0,NaN,0,NaN
01.06.2020 00:00:00,2243832,0,NaN,0,NaN
02.06.2020 00:00:00,2285277,0,NaN,0,NaN
03.06.2020 00:00:00,2326373,0,NaN,0,NaN
04.06.2020 00:00:00,2366700,0,NaN,0,NaN
05.06.2020 00:00:00,2407125,0,NaN,0,NaN
06.06.2020 00:00:00,2441540,0,NaN,0,NaN
07.06.2020 00:00:00,2478151,0,NaN,0,NaN
08.06.2020 00:00:00,2510425,0,NaN,0,NaN
09.06.2020 00:00:00,2524633,0,NaN,0,NaN
10.06.2020 00:00:00,2540947,0,NaN,0,NaN
11.06.2020 00:00:00,2565874,0,NaN,0,NaN
12.06.2020 00:00:00,2586851,0,NaN,0,NaN
13.06.2020 00:00:00,2611048,0,NaN,0,NaN
14.06.2020 00:00:00,NaN,0,NaN,0,NaN
15.06.2020 00:00:00,2650929,0,NaN,0,NaN
16.06.2020 00:00:00,2666743,0,NaN,0,NaN
17.06.2020 00:00:00,2690557,0,NaN,0,NaN
18.06.2020 00:00:00,2727297,0,NaN,0,NaN
19.06.2020 00:00:00,2745951,0,NaN,0,NaN
20.06.2020 00:00:00,2780208,0,NaN,0,NaN
21.06.2020 00:00:00,2796534,0,NaN,0,NaN
22.06.2020 00:00:00,2822769,0,NaN,0,NaN
23.06.2020 00:00:00,2852832,0,NaN,0,NaN
24.06.2020 00:00:00,2881533,0,NaN,0,NaN
25.06.2020 00:00:00,2919332,0,NaN,0,NaN
26.06.2020 00:00:00,2944554,0,NaN,0,NaN
27.06.2020 00:00:00,2986198,0,NaN,0,NaN
28.06.2020 00:00:00,3025777,0,NaN,0,NaN
29.06.2020 00:00:00,3064530,0,NaN,0,NaN
30.06.2020 00:00:00,3104041,0,NaN,0,NaN
01.07.2020 00:00:00,3137707,0,NaN,0,NaN
02.07.2020 00:00:00,3161810,0,NaN,0,NaN
03.07.2020 00:00:00,3201047,0,NaN,0,NaN
04.07.2020 00:00:00,3221323,0,NaN,0,NaN
05.07.2020 00:00:00,3232261,0,NaN,0,NaN
06.07.2020 00:00:00,3260318,0,NaN,0,NaN
07.07.2020 00:00:00,3290680,0,NaN,0,NaN
08.07.2020 00:00:00,3326773,0,NaN,0,NaN
09.07.2020 00:00:00,3333734,0,NaN,0,NaN
10.07.2020 00:00:00,3357688,0,NaN,0,NaN
11.07.2020 00:00:00,3382748,0,NaN,0,NaN
12.07.2020 00:00:00,3415063,0,NaN,0,NaN
13.07.2020 00:00:00,3424596,0,NaN,0,NaN
14.07.2020 00:00:00,3432380,0,NaN,0,NaN
15.07.2020 00:00:00,3461216,0,NaN,0,NaN
16.07.2020 00:00:00,3496651,0,NaN,0,NaN
17.07.2020 00:00:00,3530191,0,NaN,0,NaN
18.07.2020 00:00:00,3571808,0,NaN,0,NaN
19.07.2020 00:00:00,3581158,0,NaN,0,NaN
20.07.2020 00:00:00,3606184,0,NaN,0,NaN
21.07.2020 00:00:00,3625113,0,NaN,0,NaN
22.07.2020 00:00:00,3648011,0,NaN,0,NaN
23.07.2020 00:00:00,3682316,0,NaN,0,NaN
24.07.2020 00:00:00,3708392,0,NaN,0,NaN
25.07.2020 00:00:00,3741180,0,NaN,0,NaN
26.07.2020 00:00:00,3775013,0,NaN,0,NaN
27.07.2020 00:00:00,3809513,0,NaN,0,NaN
28.07.2020 00:00:00,3843160,0,NaN,0,NaN
29.07.2020 00:00:00,3871094,0,NaN,0,NaN
30.07.2020 00:00:00,3883856,0,NaN,0,NaN
31.07.2020 00:00:00,3920479,0,NaN,0,NaN
01.08.2020 00:00:00,3938535,0,NaN,0,NaN
02.08.2020 00:00:00,3957564,0,NaN,0,NaN
03.08.2020 00:00:00,3990279,0,NaN,0,NaN
04.08.2020 00:00:00,4027298,0,NaN,0,NaN
05.08.2020 00:00:00,4065396,0,NaN,0,NaN
06.08.2020 00:00:00,4089817,0,NaN,0,NaN
07.08.2020 00:00:00,4123432,0,NaN,0,NaN
08.08.2020 00:00:00,4127807,0,NaN,0,NaN
09.08.2020 00:00:00,4161160,0,NaN,0,NaN
10.08.2020 00:00:00,4200650,0,NaN,0,NaN
11.08.2020 00:00:00,4236951,0,NaN,0,NaN
12.08.2020 00:00:00,4273537,0,NaN,0,NaN
13.08.2020 00:00:00,4305796,0,NaN,0,NaN
14.08.2020 00:00:00,4341014,0,NaN,0,NaN
15.08.2020 00:00:00,4371208,0,NaN,0,NaN
16.08.2020 00:00:00,4399254,0,NaN,0,NaN
17.08.2020 00:00:00,4432690,0,NaN,0,NaN
18.08.2020 00:00:00,4456586,0,NaN,0,NaN
19.08.2020 00:00:00,4478761,0,NaN,0,NaN
20.08.2020 00:00:00,4503268,0,NaN,0,NaN
21.08.2020 00:00:00,4527736,0,NaN,0,NaN
22.08.2020 00:00:00,4550597,0,NaN,0,NaN
23.08.2020 00:00:00,4583476,0,NaN,0,NaN
24.08.2020 00:00:00,4610273,0,NaN,0,NaN
25.08.2020 00:00:00,4631351,0,NaN,0,NaN
26.08.2020 00:00:00,4668656,0,NaN,0,NaN
27.08.2020 00:00:00,4691584,0,NaN,0,NaN
28.08.2020 00:00:00,4714926,0,NaN,0,NaN
29.08.2020 00:00:00,4744411,0,NaN,0,NaN
30.08.2020 00:00:00,4753994,0,NaN,0,NaN
31.08.2020 00:00:00,4759818,0,NaN,0,NaN
01.09.2020 00:00:00,4772492,0,NaN,0,NaN
02.09.2020 00:00:00,4794731,0,NaN,0,NaN
03.09.2020 00:00:00,4814180,0,NaN,0,NaN
04.09.2020 00:00:00,4828005,0,NaN,0,NaN
05.09.2020 00:00:00,4843760,0,NaN,0,NaN
06.09.2020 00:00:00,4858827,0,NaN,0,NaN
07.09.2020 00:00:00,NaN,0,NaN,0,NaN
08.09.2020 00:00:00,4897458,0,NaN,0,NaN
09.09.2020 00:00:00,4921866,0,NaN,0,NaN
10.09.2020 00:00:00,4947267,0,NaN,0,NaN
11.09.2020 00:00:00,4979340,0,NaN,0,NaN
12.09.2020 00:00:00,5010926,0,NaN,0,NaN
13.09.2020 00:00:00,5016379,0,NaN,0,NaN
14.09.2020 00:00:00,5028611,0,NaN,0,NaN
15.09.2020 00:00:00,5052895,0,NaN,0,NaN
16.09.2020 00:00:00,5081193,0,NaN,0,NaN
17.09.2020 00:00:00,5095178,0,NaN,0,NaN
18.09.2020 00:00:00,5126262,0,NaN,0,NaN
19.09.2020 00:00:00,5156790,0,NaN,0,NaN
20.09.2020 00:00:00,5186155,0,NaN,0,NaN
21.09.2020 00:00:00,5207940,0,NaN,0,NaN
22.09.2020 00:00:00,5240607,0,NaN,0,NaN
23.09.2020 00:00:00,5273035,0,NaN,0,NaN
24.09.2020 00:00:00,5303283,0,NaN,0,NaN
25.09.2020 00:00:00,5335801,0,NaN,0,NaN
26.09.2020 00:00:00,5366866,0,NaN,0,NaN
27.09.2020 00:00:00,5397090,0,NaN,0,NaN
28.09.2020 00:00:00,5410070,0,NaN,0,NaN
29.09.2020 00:00:00,5425420,0,NaN,0,NaN
30.09.2020 00:00:00,5437602,0,NaN,0,NaN
01.10.2020 00:00:00,5457057,0,NaN,0,NaN
02.10.2020 00:00:00,5464172,0,NaN,0,NaN
03.10.2020 00:00:00,5465517,0,NaN,0,NaN
04.10.2020 00:00:00,5489089,0,NaN,0,NaN
05.10.2020 00:00:00,5499723,0,NaN,0,NaN
06.10.2020 00:00:00,5503211,0,NaN,0,NaN
07.10.2020 00:00:00,5510400,0,NaN,0,NaN
08.10.2020 00:00:00,5512550,0,NaN,0,NaN
09.10.2020 00:00:00,5529583,0,NaN,0,NaN
10.10.2020 00:00:00,5537858,0,NaN,0,NaN
11.10.2020 00:00:00,5555573,0,NaN,0,NaN
12.10.2020 00:00:00,5568801,0,NaN,0,NaN
13.10.2020 00:00:00,5572265,0,NaN,0,NaN
14.10.2020 00:00:00,5588754,0,NaN,0,NaN
15.10.2020 00:00:00,5599315,0,NaN,0,NaN
16.10.2020 00:00:00,5615938,0,NaN,0,NaN
17.10.2020 00:00:00,5632734,0,NaN,0,NaN
18.10.2020 00:00:00,5645484,0,NaN,0,NaN
19.10.2020 00:00:00,5654443,0,NaN,0,NaN
20.10.2020 00:00:00,5666858,0,NaN,0,NaN
21.10.2020 00:00:00,5689131,0,NaN,0,NaN
22.10.2020 00:00:00,5697577,0,NaN,0,NaN
23.10.2020 00:00:00,5700982,0,NaN,0,NaN
24.10.2020 00:00:00,5712174,0,NaN,0,NaN
25.10.2020 00:00:00,5714222,0,NaN,0,NaN
26.10.2020 00:00:00,5720972,0,NaN,0,NaN
27.10.2020 00:00:00,5733331,0,NaN,0,NaN
28.10.2020 00:00:00,5744620,0,NaN,0,NaN
29.10.2020 00:00:00,5753406,0,NaN,0,NaN
30.10.2020 00:00:00,5756274,0,NaN,0,NaN
31.10.2020 00:00:00,5772835,0,NaN,0,NaN
01.11.2020 00:00:00,5778172,0,NaN,0,NaN
02.11.2020 00:00:00,5782444,0,NaN,0,NaN
03.11.2020 00:00:00,5786529,0,NaN,0,NaN
04.11.2020 00:00:00,5790811,0,NaN,0,NaN
05.11.2020 00:00:00,5798550,0,NaN,0,NaN
06.11.2020 00:00:00,5801567,0,NaN,0,NaN
07.11.2020 00:00:00,5805038,0,NaN,0,NaN
08.11.2020 00:00:00,5817070,0,NaN,0,NaN
09.11.2020 00:00:00,5839368,0,NaN,0,NaN
10.11.2020 00:00:00,5858575,0,NaN,0,NaN
11.11.2020 00:00:00,5878767,0,NaN,0,NaN
12.11.2020 00:00:00,5894962,0,NaN,0,NaN
13.11.2020 00:00:00,5900669,0,NaN,0,NaN
14.11.2020 00:00:00,5911361,0,NaN,0,NaN
15.11.2020 00:00:00,5918628,0,NaN,0,NaN
16.11.2020 00:00:00,5921926,0,NaN,0,NaN
17.11.2020 00:00:00,5934195,0,NaN,0,NaN
18.11.2020 00:00:00,5937411,0,NaN,0,NaN
19.11.2020 00:00:00,5943854,0,NaN,0,NaN
20.11.2020 00:00:00,5945828,0,NaN,0,NaN
21.11.2020 00:00:00,5947967,0,NaN,0,NaN
22.11.2020 00:00:00,5951007,0,NaN,0,NaN
23.11.2020 00:00:00,5969653,0,NaN,0,NaN
24.11.2020 00:00:00,5974898,0,NaN,0,NaN
25.11.2020 00:00:00,5981571,0,NaN,0,NaN
26.11.2020 00:00:00,5982688,0,NaN,0,NaN
27.11.2020 00:00:00,5986713,0,NaN,0,NaN
28.11.2020 00:00:00,6003633,0,NaN,0,NaN
29.11.2020 00:00:00,6010757,0,NaN,0,NaN
30.11.2020 00:00:00,6022295,0,NaN,0,NaN
01.12.2020 00:00:00,6022743,0,NaN,0,NaN
02.12.2020 00:00:00,6023593,0,NaN,0,NaN
03.12.2020 00:00:00,6036511,0,NaN,0,NaN
04.12.2020 00:00:00,6050370,0,NaN,0,NaN
05.12.2020 00:00:00,6051143,0,NaN,0,NaN
06.12.2020 00:00:00,6057422,0,NaN,0,NaN
07.12.2020 00:00:00,6058394,0,NaN,0,NaN
08.12.2020 00:00:00,6059008,0,NaN,0,NaN
09.12.2020 00:00:00,6060310,0,NaN,0,NaN
10.12.2020 00:00:00,6071357,0,NaN,0,NaN
11.12.2020 00:00:00,6073464,0,NaN,0,NaN
12.12.2020 00:00:00,6075018,0,NaN,0,NaN
13.12.2020 00:00:00,6083801,0,NaN,0,NaN
14.12.2020 00:00:00,6084764,0,NaN,0,NaN
15.12.2020 00:00:00,6094022,0,NaN,0,NaN
16.12.2020 00:00:00,6095244,0,NaN,0,NaN
17.12.2020 00:00:00,6096932,0,NaN,0,NaN
18.12.2020 00:00:00,6102072,0,NaN,0,NaN
19.12.2020 00:00:00,6104950,0,NaN,0,NaN
20.12.2020 00:00:00,6109825,0,NaN,0,NaN
21.12.2020 00:00:00,6119304,0,NaN,0,NaN
22.12.2020 00:00:00,6125159,0,NaN,0,NaN
23.12.2020 00:00:00,6137042,0,NaN,0,NaN
24.12.2020 00:00:00,6139229,0,NaN,0,NaN
25.12.2020 00:00:00,6144329,0,NaN,0,NaN
26.12.2020 00:00:00,6144821,0,NaN,0,NaN
27.12.2020 00:00:00,6146854,0,NaN,0,NaN
28.12.2020 00:00:00,6147412,0,NaN,0,NaN
29.12.2020 00:00:00,6149712,0,NaN,0,NaN
30.12.2020 00:00:00,6160741,0,NaN,0,NaN
31.12.2020 00:00:00,6162290,0,NaN,0,NaN
01.01.2021 00:00:00,6162637,0,NaN,0,NaN
02.01.2021 00:00:00,6165026,0,NaN,0,NaN
03.01.2021 00:00:00,6167305,0,NaN,0,NaN
04.01.2021 00:00:00,6170850,0,NaN,0,NaN
05.01.2021 00:00:00,6174597,0,NaN,0,NaN
06.01.2021 00:00:00,6178444,0,NaN,0,NaN
07.01.2021 00:00:00,6181809,0,NaN,0,NaN
08.01.2021 00:00:00,6182848,0,NaN,0,NaN
09.01.2021 00:00:00,6183592,0,NaN,0,NaN
10.01.2021 00:00:00,6184343,0,NaN,0,NaN
11.01.2021 00:00:00,6186544,0,NaN,0,NaN
12.01.2021 00:00:00,6188740,0,NaN,0,NaN
13.01.2021 00:00:00,6192321,0,NaN,0,NaN
14.01.2021 00:00:00,6206169,0,NaN,0,NaN
15.01.2021 00:00:00,6213431,0,NaN,0,NaN
16.01.2021 00:00:00,6214507,0,NaN,0,NaN
17.01.2021 00:00:00,6221853,0,NaN,0,NaN
18.01.2021 00:00:00,6231321,0,NaN,0,NaN
19.01.2021 00:00:00,6234105,0,NaN,0,NaN
20.01.2021 00:00:00,6235140,0,NaN,0,NaN
21.01.2021 00:00:00,6236299,0,NaN,0,NaN
22.01.2021 00:00:00,6240730,0,NaN,0,NaN
23.01.2021 00:00:00,6244398,0,NaN,0,NaN
24.01.2021 00:00:00,6245645,0,NaN,0,NaN
25.01.2021 00:00:00,6248453,0,NaN,0,NaN
26.01.2021 00:00:00,6257830,0,NaN,0,NaN
27.01.2021 00:00:00,6269359,0,NaN,0,NaN
28.01.2021 00:00:00,6275365,0,NaN,0,NaN
29.01.2021 00:00:00,6283904,0,NaN,0,NaN
30.01.2021 00:00:00,6298815,0,NaN,0,NaN
31.01.2021 00:00:00,6312031,0,NaN,0,NaN
01.02.2021 00:00:00,6312907,0,NaN,0,NaN
02.02.2021 00:00:00,6314676,0,NaN,0,NaN
03.02.2021 00:00:00,6320808,0,NaN,0,NaN
04.02.2021 00:00:00,6324413,0,NaN,0,NaN
05.02.2021 00:00:00,6340978,0,NaN,0,NaN
06.02.2021 00:00:00,6342949,0,NaN,0,NaN
07.02.2021 00:00:00,6345689,0,NaN,0,NaN
08.02.2021 00:00:00,6346819,0,NaN,0,NaN
09.02.2021 00:00:00,6363684,0,NaN,0,NaN
10.02.2021 00:00:00,6367503,0,NaN,0,NaN
11.02.2021 00:00:00,6369224,0,NaN,0,NaN
12.02.2021 00:00:00,6369224,0,NaN,0,NaN
13.02.2021 00:00:00,6369224,0,NaN,0,NaN
14.02.2021 00:00:00,6372103,0,NaN,0,NaN
15.02.2021 00:00:00,6380008,0,NaN,0,NaN
16.02.2021 00:00:00,6395489,0,NaN,0,NaN
17.02.2021 00:00:00,6420104,0,NaN,0,NaN
18.02.2021 00:00:00,6445402,0,NaN,0,NaN
19.02.2021 00:00:00,6464336,0,NaN,0,NaN
20.02.2021 00:00:00,6466753,0,NaN,0,NaN
21.02.2021 00:00:00,6474284,0,NaN,0,NaN
22.02.2021 00:00:00,6482724,0,NaN,0,NaN
23.02.2021 00:00:00,6488952,0,NaN,0,NaN
24.02.2021 00:00:00,6503406,0,NaN,0,NaN
25.02.2021 00:00:00,6523549,0,NaN,0,NaN
26.02.2021 00:00:00,6547182,0,NaN,0,NaN
27.02.2021 00:00:00,6559637,0,NaN,0,NaN
28.02.2021 00:00:00,6580385,0,NaN,0,NaN
01.03.2021 00:00:00,6606757,0,NaN,0,NaN
02.03.2021 00:00:00,6621836,0,NaN,0,NaN
03.03.2021 00:00:00,6651203,0,NaN,0,NaN
04.03.2021 00:00:00,6668144,0,NaN,0,NaN
05.03.2021 00:00:00,6696967,0,NaN,0,NaN
06.03.2021 00:00:00,6714214,0,NaN,0,NaN
07.03.2021 00:00:00,6742470,0,NaN,0,NaN
08.03.2021 00:00:00,6763249,0,NaN,0,NaN
09.03.2021 00:00:00,6765176,0,NaN,0,NaN
10.03.2021 00:00:00,6795768,0,NaN,0,NaN
11.03.2021 00:00:00,6819470,0,NaN,0,NaN
12.03.2021 00:00:00,6829347,0,NaN,0,NaN
13.03.2021 00:00:00,6850037,0,NaN,0,NaN
14.03.2021 00:00:00,6858395,0,NaN,0,NaN
15.03.2021 00:00:00,6864202,0,NaN,0,NaN
16.03.2021 00:00:00,6881401,0,NaN,0,NaN
17.03.2021 00:00:00,6890093,0,NaN,0,NaN
18.03.2021 00:00:00,6909532,0,NaN,0,NaN
19.03.2021 00:00:00,6921033,0,NaN,0,NaN
20.03.2021 00:00:00,6934669,0,NaN,0,NaN
21.03.2021 00:00:00,6941119,0,NaN,0,NaN
22.03.2021 00:00:00,6955642,0,NaN,0,NaN
23.03.2021 00:00:00,6965435,NaN,NaN,NaN,NaN
24.03.2021 00:00:00,6997934,NaN,NaN,NaN,NaN
25.03.2021 00:00:00,7023303,NaN,NaN,NaN,NaN
26.03.2021 00:00:00,7034520,NaN,NaN,NaN,NaN
27.03.2021 00:00:00,7044109,NaN,NaN,NaN,NaN
28.03.2021 00:00:00,7055894,NaN,NaN,NaN,NaN
29.03.2021 00:00:00,7086893,NaN,NaN,NaN,NaN
30.03.2021 00:00:00,7114320,NaN,NaN,NaN,NaN
31.03.2021 00:00:00,7138364,NaN,NaN,NaN,NaN
01.04.2021 00:00:00,7170501,NaN,NaN,NaN,NaN
02.04.2021 00:00:00,7181425,NaN,NaN,NaN,NaN
03.04.2021 00:00:00,7218639,NaN,NaN,NaN,NaN
04.04.2021 00:00:00,7253439,NaN,NaN,NaN,NaN
05.04.2021 00:00:00,7286115,NaN,NaN,NaN,NaN
06.04.2021 00:00:00,7319783,NaN,NaN,NaN,NaN
07.04.2021 00:00:00,7330787,NaN,NaN,NaN,NaN
08.04.2021 00:00:00,7355092,NaN,NaN,NaN,NaN
09.04.2021 00:00:00,7364512,NaN,NaN,NaN,NaN
10.04.2021 00:00:00,7384732,NaN,NaN,NaN,NaN
11.04.2021 00:00:00,7398653,NaN,NaN,NaN,NaN
12.04.2021 00:00:00,7411363,NaN,NaN,NaN,NaN
13.04.2021 00:00:00,7435433,NaN,NaN,NaN,NaN
14.04.2021 00:00:00,7467248,NaN,NaN,NaN,NaN
15.04.2021 00:00:00,7473436,NaN,NaN,NaN,NaN
16.04.2021 00:00:00,7500263,NaN,NaN,NaN,NaN
17.04.2021 00:00:00,7527744,NaN,NaN,NaN,NaN
18.04.2021 00:00:00,7552739,NaN,NaN,NaN,NaN
19.04.2021 00:00:00,7571479,NaN,NaN,NaN,NaN
20.04.2021 00:00:00,7592675,NaN,NaN,NaN,NaN
21.04.2021 00:00:00,7631116,NaN,NaN,NaN,NaN
22.04.2021 00:00:00,7666417,NaN,NaN,NaN,NaN
23.04.2021 00:00:00,7705227,NaN,NaN,NaN,NaN
24.04.2021 00:00:00,7727527,NaN,NaN,NaN,NaN
25.04.2021 00:00:00,7755286,NaN,NaN,NaN,NaN
26.04.2021 00:00:00,7784794,NaN,NaN,NaN,NaN
27.04.2021 00:00:00,7824555,NaN,NaN,NaN,NaN
28.04.2021 00:00:00,7864127,NaN,NaN,NaN,NaN
29.04.2021 00:00:00,7897387,NaN,NaN,NaN,NaN
30.04.2021 00:00:00,7924695,NaN,NaN,NaN,NaN
01.05.2021 00:00:00,7964871,NaN,NaN,NaN,NaN
02.05.2021 00:00:00,8004208,NaN,NaN,NaN,NaN
03.05.2021 00:00:00,8031280,NaN,NaN,NaN,NaN
04.05.2021 00:00:00,8045996,NaN,NaN,NaN,NaN
05.05.2021 00:00:00,8062884,NaN,NaN,NaN,NaN
06.05.2021 00:00:00,8096906,NaN,NaN,NaN,NaN
07.05.2021 00:00:00,8123709,NaN,NaN,NaN,NaN
08.05.2021 00:00:00,8144921,NaN,NaN,NaN,NaN
09.05.2021 00:00:00,8159407,NaN,NaN,NaN,NaN
10.05.2021 00:00:00,8188689,NaN,NaN,NaN,NaN
11.05.2021 00:00:00,8208062,NaN,NaN,NaN,NaN
12.05.2021 00:00:00,8245911,NaN,NaN,NaN,NaN
13.05.2021 00:00:00,8255597,NaN,NaN,NaN,NaN
14.05.2021 00:00:00,8283887,NaN,NaN,NaN,NaN
15.05.2021 00:00:00,8307976,NaN,NaN,NaN,NaN
16.05.2021 00:00:00,8322215,NaN,NaN,NaN,NaN
17.05.2021 00:00:00,8349208,NaN,NaN,NaN,NaN
18.05.2021 00:00:00,8372977,NaN,NaN,NaN,NaN
19.05.2021 00:00:00,8395552,NaN,NaN,NaN,NaN
20.05.2021 00:00:00,8410079,NaN,NaN,NaN,NaN
21.05.2021 00:00:00,8434377,NaN,NaN,NaN,NaN
22.05.2021 00:00:00,8455592,NaN,NaN,NaN,NaN
23.05.2021 00:00:00,8496955,NaN,NaN,NaN,NaN
24.05.2021 00:00:00,8527540,NaN,NaN,NaN,NaN
25.05.2021 00:00:00,8547946,NaN,NaN,NaN,NaN
26.05.2021 00:00:00,8580712,NaN,NaN,NaN,NaN
27.05.2021 00:00:00,8593295,NaN,NaN,NaN,NaN
28.05.2021 00:00:00,8619027,NaN,NaN,NaN,NaN
29.05.2021 00:00:00,8640740,NaN,NaN,NaN,NaN
30.05.2021 00:00:00,8658697,NaN,NaN,NaN,NaN
31.05.2021 00:00:00,8683462,NaN,NaN,NaN,NaN
01.06.2021 00:00:00,8697539,NaN,NaN,NaN,NaN
02.06.2021 00:00:00,8738191,NaN,NaN,NaN,NaN
03.06.2021 00:00:00,8777512,NaN,NaN,NaN,NaN
04.06.2021 00:00:00,8818509,NaN,NaN,NaN,NaN
05.06.2021 00:00:00,8858769,NaN,NaN,NaN,NaN
06.06.2021 00:00:00,8899568,NaN,NaN,NaN,NaN
07.06.2021 00:00:00,8939230,NaN,NaN,NaN,NaN
08.06.2021 00:00:00,8974847,NaN,NaN,NaN,NaN
09.06.2021 00:00:00,8999585,NaN,NaN,NaN,NaN
10.06.2021 00:00:00,9014388,NaN,NaN,NaN,NaN
11.06.2021 00:00:00,9055223,NaN,NaN,NaN,NaN
12.06.2021 00:00:00,9095217,NaN,NaN,NaN,NaN
13.06.2021 00:00:00,9133245,NaN,NaN,NaN,NaN
14.06.2021 00:00:00,9175774,NaN,NaN,NaN,NaN
15.06.2021 00:00:00,9215759,NaN,NaN,NaN,NaN
16.06.2021 00:00:00,9240112,NaN,NaN,NaN,NaN
17.06.2021 00:00:00,9277148,NaN,NaN,NaN,NaN
18.06.2021 00:00:00,9317119,NaN,NaN,NaN,NaN
19.06.2021 00:00:00,9357922,NaN,NaN,NaN,NaN
20.06.2021 00:00:00,9393519,NaN,NaN,NaN,NaN
21.06.2021 00:00:00,9429729,NaN,NaN,NaN,NaN
22.06.2021 00:00:00,9463531,NaN,NaN,NaN,NaN
23.06.2021 00:00:00,9494506,NaN,NaN,NaN,NaN
24.06.2021 00:00:00,9503726,NaN,NaN,NaN,NaN
25.06.2021 00:00:00,9536883,NaN,NaN,NaN,NaN
26.06.2021 00:00:00,9546354,NaN,NaN,NaN,NaN
27.06.2021 00:00:00,9564028,NaN,NaN,NaN,NaN
28.06.2021 00:00:00,9583415,NaN,NaN,NaN,NaN
29.06.2021 00:00:00,9611533,NaN,NaN,NaN,NaN
30.06.2021 00:00:00,NaN,NaN,NaN,NaN,NaN
01.07.2021 00:00:00,9640345,NaN,NaN,NaN,NaN
02.07.2021 00:00:00,9667772,NaN,NaN,NaN,NaN
03.07.2021 00:00:00,9684423,NaN,NaN,NaN,NaN
04.07.2021 00:00:00,9703148,NaN,NaN,NaN,NaN
05.07.2021 00:00:00,9710495,NaN,NaN,NaN,NaN
06.07.2021 00:00:00,9717220,NaN,NaN,NaN,NaN
07.07.2021 00:00:00,9737966,NaN,NaN,NaN,NaN
08.07.2021 00:00:00,9753194,NaN,NaN,NaN,NaN
09.07.2021 00:00:00,9771025,NaN,NaN,NaN,NaN
10.07.2021 00:00:00,9789373,NaN,NaN,NaN,NaN
11.07.2021 00:00:00,9809937,NaN,NaN,NaN,NaN
12.07.2021 00:00:00,9838161,NaN,NaN,NaN,NaN
13.07.2021 00:00:00,9869026,NaN,NaN,NaN,NaN
14.07.2021 00:00:00,9907965,NaN,NaN,NaN,NaN
15.07.2021 00:00:00,9923923,NaN,NaN,NaN,NaN
16.07.2021 00:00:00,9952909,NaN,NaN,NaN,NaN
17.07.2021 00:00:00,9967639,NaN,NaN,NaN,NaN
18.07.2021 00:00:00,9976578,NaN,NaN,NaN,NaN
19.07.2021 00:00:00,9984450,NaN,NaN,NaN,NaN
20.07.2021 00:00:00,9991855,NaN,NaN,NaN,NaN
21.07.2021 00:00:00,10026723,NaN,NaN,NaN,NaN
22.07.2021 00:00:00,10065863,NaN,NaN,NaN,NaN
23.07.2021 00:00:00,10104501,NaN,NaN,NaN,NaN
24.07.2021 00:00:00,10128012,NaN,NaN,NaN,NaN
25.07.2021 00:00:00,10161759,NaN,NaN,NaN,NaN
26.07.2021 00:00:00,10193641,NaN,NaN,NaN,NaN
27.07.2021 00:00:00,10227706,NaN,NaN,NaN,NaN
28.07.2021 00:00:00,10260991,NaN,NaN,NaN,NaN
29.07.2021 00:00:00,10268555,NaN,NaN,NaN,NaN
30.07.2021 00:00:00,10295606,NaN,NaN,NaN,NaN
31.07.2021 00:00:00,10309092,NaN,NaN,NaN,NaN
01.08.2021 00:00:00,10324959,NaN,NaN,NaN,NaN
02.08.2021 00:00:00,10343528,NaN,NaN,NaN,NaN
03.08.2021 00:00:00,10379116,NaN,NaN,NaN,NaN
04.08.2021 00:00:00,10400319,NaN,NaN,NaN,NaN
05.08.2021 00:00:00,10426440,NaN,NaN,NaN,NaN
06.08.2021 00:00:00,10450525,NaN,NaN,NaN,NaN
07.08.2021 00:00:00,10471741,NaN,NaN,NaN,NaN
08.08.2021 00:00:00,10494209,NaN,NaN,NaN,NaN
09.08.2021 00:00:00,10511974,NaN,NaN,NaN,NaN
10.08.2021 00:00:00,10541519,NaN,NaN,NaN,NaN
11.08.2021 00:00:00,10568337,NaN,NaN,NaN,NaN
12.08.2021 00:00:00,10589191,NaN,NaN,NaN,NaN
13.08.2021 00:00:00,10612771,NaN,NaN,NaN,NaN
14.08.2021 00:00:00,10638325,NaN,NaN,NaN,NaN
15.08.2021 00:00:00,10671579,NaN,NaN,NaN,NaN
16.08.2021 00:00:00,10707973,NaN,NaN,NaN,NaN
17.08.2021 00:00:00,10737544,NaN,NaN,NaN,NaN
18.08.2021 00:00:00,10761865,NaN,NaN,NaN,NaN
19.08.2021 00:00:00,10794464,NaN,NaN,NaN,NaN
20.08.2021 00:00:00,10825457,NaN,NaN,NaN,NaN
21.08.2021 00:00:00,10838659,NaN,NaN,NaN,NaN
22.08.2021 00:00:00,10844874,NaN,NaN,NaN,NaN
23.08.2021 00:00:00,10855830,NaN,NaN,NaN,NaN
24.08.2021 00:00:00,10862556,NaN,NaN,NaN,NaN
25.08.2021 00:00:00,10886455,NaN,NaN,NaN,NaN
26.08.2021 00:00:00,10906203,NaN,NaN,NaN,NaN
27.08.2021 00:00:00,10918068,NaN,NaN,NaN,NaN
28.08.2021 00:00:00,10950560,NaN,NaN,NaN,NaN
29.08.2021 00:00:00,10985490,NaN,NaN,NaN,NaN
30.08.2021 00:00:00,11014772,NaN,NaN,NaN,NaN
31.08.2021 00:00:00,11030514,NaN,NaN,NaN,NaN
01.09.2021 00:00:00,11057314,NaN,NaN,NaN,NaN
02.09.2021 00:00:00,11079181,NaN,NaN,NaN,NaN
03.09.2021 00:00:00,11084504,NaN,NaN,NaN,NaN
04.09.2021 00:00:00,11101975,NaN,NaN,NaN,NaN
05.09.2021 00:00:00,11124946,NaN,NaN,NaN,NaN
06.09.2021 00:00:00,11134585,NaN,NaN,NaN,NaN
07.09.2021 00:00:00,11166249,NaN,NaN,NaN,NaN
08.09.2021 00:00:00,11199820,NaN,NaN,NaN,NaN
09.09.2021 00:00:00,11226723,NaN,NaN,NaN,NaN
10.09.2021 00:00:00,11261104,NaN,NaN,NaN,NaN
11.09.2021 00:00:00,11286203,NaN,NaN,NaN,NaN
12.09.2021 00:00:00,11316049,NaN,NaN,NaN,NaN
13.09.2021 00:00:00,11348497,NaN,NaN,NaN,NaN
14.09.2021 00:00:00,11376030,NaN,NaN,NaN,NaN
15.09.2021 00:00:00,11388925,NaN,NaN,NaN,NaN
16.09.2021 00:00:00,11398739,NaN,NaN,NaN,NaN
17.09.2021 00:00:00,11418790,NaN,NaN,NaN,NaN
18.09.2021 00:00:00,11439949,NaN,NaN,NaN,NaN
19.09.2021 00:00:00,11456199,NaN,NaN,NaN,NaN
20.09.2021 00:00:00,11463366,NaN,NaN,NaN,NaN
21.09.2021 00:00:00,11491303,NaN,NaN,NaN,NaN
22.09.2021 00:00:00,11516704,NaN,NaN,NaN,NaN
23.09.2021 00:00:00,11542645,NaN,NaN,NaN,NaN
24.09.2021 00:00:00,11567635,NaN,NaN,NaN,NaN
25.09.2021 00:00:00,11593658,NaN,NaN,NaN,NaN
26.09.2021 00:00:00,11620446,NaN,NaN,NaN,NaN
27.09.2021 00:00:00,11651860,NaN,NaN,NaN,NaN
28.09.2021 00:00:00,11667867,NaN,NaN,NaN,NaN
29.09.2021 00:00:00,11691041,NaN,NaN,NaN,NaN
30.09.2021 00:00:00,11709758,NaN,NaN,NaN,NaN
01.10.2021 00:00:00,11730798,NaN,NaN,NaN,NaN
02.10.2021 00:00:00,11741263,NaN,NaN,NaN,NaN
03.10.2021 00:00:00,11766449,NaN,NaN,NaN,NaN
04.10.2021 00:00:00,11780285,NaN,NaN,NaN,NaN
05.10.2021 00:00:00,11789117,NaN,NaN,NaN,NaN
06.10.2021 00:00:00,11795007,NaN,NaN,NaN,NaN
07.10.2021 00:00:00,11803490,NaN,NaN,NaN,NaN
08.10.2021 00:00:00,11808940,NaN,NaN,NaN,NaN
09.10.2021 00:00:00,11831080,NaN,NaN,NaN,NaN
10.10.2021 00:00:00,11842427,NaN,NaN,NaN,NaN
11.10.2021 00:00:00,11849589,NaN,NaN,NaN,NaN
12.10.2021 00:00:00,11866058,NaN,NaN,NaN,NaN
13.10.2021 00:00:00,11889002,NaN,NaN,NaN,NaN
14.10.2021 00:00:00,11915660,NaN,NaN,NaN,NaN
15.10.2021 00:00:00,11931532,NaN,NaN,NaN,NaN
16.10.2021 00:00:00,11947902,NaN,NaN,NaN,NaN
17.10.2021 00:00:00,11961831,NaN,NaN,NaN,NaN
18.10.2021 00:00:00,11972455,NaN,NaN,NaN,NaN
19.10.2021 00:00:00,11978681,NaN,NaN,NaN,NaN
20.10.2021 00:00:00,11999172,NaN,NaN,NaN,NaN
21.10.2021 00:00:00,12015554,NaN,NaN,NaN,NaN
22.10.2021 00:00:00,12022381,NaN,NaN,NaN,NaN
23.10.2021 00:00:00,12034380,NaN,NaN,NaN,NaN
24.10.2021 00:00:00,12043277,NaN,NaN,NaN,NaN
25.10.2021 00:00:00,12048223,NaN,NaN,NaN,NaN
26.10.2021 00:00:00,12059770,NaN,NaN,NaN,NaN
27.10.2021 00:00:00,12067034,NaN,NaN,NaN,NaN
28.10.2021 00:00:00,12073689,NaN,NaN,NaN,NaN
29.10.2021 00:00:00,12099377,NaN,NaN,NaN,NaN
30.10.2021 00:00:00,12102884,NaN,NaN,NaN,NaN
31.10.2021 00:00:00,12113903,NaN,NaN,NaN,NaN
01.11.2021 00:00:00,12132435,NaN,NaN,NaN,NaN
02.11.2021 00:00:00,12156578,NaN,NaN,NaN,NaN
03.11.2021 00:00:00,12170543,NaN,NaN,NaN,NaN
04.11.2021 00:00:00,12171941,NaN,NaN,NaN,NaN
05.11.2021 00:00:00,12175139,NaN,NaN,NaN,NaN
06.11.2021 00:00:00,12191195,NaN,NaN,NaN,NaN
07.11.2021 00:00:00,12195970,NaN,NaN,NaN,NaN
08.11.2021 00:00:00,12209292,NaN,NaN,NaN,NaN
09.11.2021 00:00:00,12222431,NaN,NaN,NaN,NaN
10.11.2021 00:00:00,12237683,NaN,NaN,NaN,NaN
11.11.2021 00:00:00,12242838,NaN,NaN,NaN,NaN
12.11.2021 00:00:00,12253738,NaN,NaN,NaN,NaN
13.11.2021 00:00:00,12264893,NaN,NaN,NaN,NaN
14.11.2021 00:00:00,12270813,NaN,NaN,NaN,NaN
15.11.2021 00:00:00,12272899,NaN,NaN,NaN,NaN
16.11.2021 00:00:00,12275167,NaN,NaN,NaN,NaN
17.11.2021 00:00:00,12282957,NaN,NaN,NaN,NaN
18.11.2021 00:00:00,12287686,NaN,NaN,NaN,NaN
19.11.2021 00:00:00,12290211,NaN,NaN,NaN,NaN
20.11.2021 00:00:00,12290739,NaN,NaN,NaN,NaN
21.11.2021 00:00:00,NaN,NaN,NaN,NaN,NaN
22.11.2021 00:00:00,12300844,NaN,NaN,NaN,NaN
23.11.2021 00:00:00,12312663,NaN,NaN,NaN,NaN
24.11.2021 00:00:00,12319610,NaN,NaN,NaN,NaN
25.11.2021 00:00:00,12320363,NaN,NaN,NaN,NaN
26.11.2021 00:00:00,12329894,NaN,NaN,NaN,NaN
27.11.2021 00:00:00,12347591,NaN,NaN,NaN,NaN
28.11.2021 00:00:00,12352119,NaN,NaN,NaN,NaN
29.11.2021 00:00:00,12353686,NaN,NaN,NaN,NaN
30.11.2021 00:00:00,12357790,NaN,NaN,NaN,NaN
01.12.2021 00:00:00,12359220,NaN,NaN,NaN,NaN
02.12.2021 00:00:00,12360826,NaN,NaN,NaN,NaN
03.12.2021 00:00:00,12362509,NaN,NaN,NaN,NaN
04.12.2021 00:00:00,12366056,NaN,NaN,NaN,NaN
05.12.2021 00:00:00,12366621,NaN,NaN,NaN,NaN
06.12.2021 00:00:00,12369064,NaN,NaN,NaN,NaN
07.12.2021 00:00:00,12377078,NaN,NaN,NaN,NaN
08.12.2021 00:00:00,12378570,NaN,NaN,NaN,NaN
09.12.2021 00:00:00,12379565,NaN,NaN,NaN,NaN
10.12.2021 00:00:00,12385165,NaN,NaN,NaN,NaN
11.12.2021 00:00:00,12387016,NaN,NaN,NaN,NaN
12.12.2021 00:00:00,12395480,NaN,NaN,NaN,NaN
13.12.2021 00:00:00,12407898,NaN,NaN,NaN,NaN
14.12.2021 00:00:00,12410032,NaN,NaN,NaN,NaN
15.12.2021 00:00:00,12410910,NaN,NaN,NaN,NaN
16.12.2021 00:00:00,12415976,NaN,NaN,NaN,NaN
17.12.2021 00:00:00,12416648,NaN,NaN,NaN,NaN
18.12.2021 00:00:00,12417613,NaN,NaN,NaN,NaN
19.12.2021 00:00:00,12418938,NaN,NaN,NaN,NaN
20.12.2021 00:00:00,12419747,NaN,NaN,NaN,NaN
21.12.2021 00:00:00,12433798,NaN,NaN,NaN,NaN
22.12.2021 00:00:00,12434427,NaN,NaN,NaN,NaN
23.12.2021 00:00:00,12436034,NaN,NaN,NaN,NaN
24.12.2021 00:00:00,12437082,NaN,NaN,NaN,NaN
25.12.2021 00:00:00,12438875,NaN,NaN,NaN,NaN
26.12.2021 00:00:00,12454555,NaN,NaN,NaN,NaN
27.12.2021 00:00:00,12463021,NaN,NaN,NaN,NaN
28.12.2021 00:00:00,12466124,NaN,NaN,NaN,NaN
29.12.2021 00:00:00,12467697,NaN,NaN,NaN,NaN
30.12.2021 00:00:00,12476567,NaN,NaN,NaN,NaN
31.12.2021 00:00:00,12479744,NaN,NaN,NaN,NaN
01.01.2022 00:00:00,12481274,NaN,NaN,NaN,NaN
02.01.2022 00:00:00,12483617,NaN,NaN,NaN,NaN
03.01.2022 00:00:00,12484602,NaN,NaN,NaN,NaN
04.01.2022 00:00:00,12486226,NaN,NaN,NaN,NaN
05.01.2022 00:00:00,12488425,NaN,NaN,NaN,NaN
06.01.2022 00:00:00,12493039,NaN,NaN,NaN,NaN
07.01.2022 00:00:00,12496054,NaN,NaN,NaN,NaN
08.01.2022 00:00:00,12499006,NaN,NaN,NaN,NaN
09.01.2022 00:00:00,12500295,NaN,NaN,NaN,NaN
10.01.2022 00:00:00,12502343,NaN,NaN,NaN,NaN
11.01.2022 00:00:00,12510478,NaN,NaN,NaN,NaN
12.01.2022 00:00:00,12516717,NaN,NaN,NaN,NaN
13.01.2022 00:00:00,12518145,NaN,NaN,NaN,NaN
14.01.2022 00:00:00,12525855,NaN,NaN,NaN,NaN
15.01.2022 00:00:00,12532163,NaN,NaN,NaN,NaN
16.01.2022 00:00:00,12541926,NaN,NaN,NaN,NaN
17.01.2022 00:00:00,12543755,NaN,NaN,NaN,NaN
18.01.2022 00:00:00,12545316,NaN,NaN,NaN,NaN
19.01.2022 00:00:00,12546807,NaN,NaN,NaN,NaN
20.01.2022 00:00:00,12548332,NaN,NaN,NaN,NaN
21.01.2022 00:00:00,12550180,NaN,NaN,NaN,NaN
22.01.2022 00:00:00,12557763,NaN,NaN,NaN,NaN
23.01.2022 00:00:00,12561257,NaN,NaN,NaN,NaN
24.01.2022 00:00:00,12562701,NaN,NaN,NaN,NaN
25.01.2022 00:00:00,12571880,NaN,NaN,NaN,NaN
26.01.2022 00:00:00,12576543,NaN,NaN,NaN,NaN
27.01.2022 00:00:00,12577357,NaN,NaN,NaN,NaN
28.01.2022 00:00:00,12578610,NaN,NaN,NaN,NaN
29.01.2022 00:00:00,12580391,NaN,NaN,NaN,NaN
30.01.2022 00:00:00,12581667,NaN,NaN,NaN,NaN
31.01.2022 00:00:00,12583095,NaN,NaN,NaN,NaN
01.02.2022 00:00:00,12585207,NaN,NaN,NaN,NaN
02.02.2022 00:00:00,12600750,NaN,NaN,NaN,NaN
03.02.2022 00:00:00,12609064,NaN,NaN,NaN,NaN
04.02.2022 00:00:00,12619327,NaN,NaN,NaN,NaN
05.02.2022 00:00:00,12620853,NaN,NaN,NaN,NaN
06.02.2022 00:00:00,12622962,NaN,NaN,NaN,NaN
07.02.2022 00:00:00,12626493,NaN,NaN,NaN,NaN
08.02.2022 00:00:00,12629195,NaN,NaN,NaN,NaN
09.02.2022 00:00:00,12631848,NaN,NaN,NaN,NaN
10.02.2022 00:00:00,12647608,NaN,NaN,NaN,NaN
11.02.2022 00:00:00,12648997,NaN,NaN,NaN,NaN
12.02.2022 00:00:00,12668640,NaN,NaN,NaN,NaN
13.02.2022 00:00:00,12673414,NaN,NaN,NaN,NaN
14.02.2022 00:00:00,12678552,NaN,NaN,NaN,NaN
15.02.2022 00:00:00,12683415,NaN,NaN,NaN,NaN
16.02.2022 00:00:00,12696856,NaN,NaN,NaN,NaN
17.02.2022 00:00:00,12719154,NaN,NaN,NaN,NaN
18.02.2022 00:00:00,12731504,NaN,NaN,NaN,NaN
19.02.2022 00:00:00,12746129,NaN,NaN,NaN,NaN
20.02.2022 00:00:00,12756232,NaN,NaN,NaN,NaN
21.02.2022 00:00:00,12759971,NaN,NaN,NaN,NaN
22.02.2022 00:00:00,12779464,NaN,NaN,NaN,NaN
23.02.2022 00:00:00,NaN,NaN,NaN,NaN,NaN
24.02.2022 00:00:00,12793518,NaN,NaN,NaN,NaN
25.02.2022 00:00:00,12794536,NaN,NaN,NaN,NaN
26.02.2022 00:00:00,12800937,NaN,NaN,NaN,NaN
27.02.2022 00:00:00,12804178,NaN,NaN,NaN,NaN
28.02.2022 00:00:00,12826606,NaN,NaN,NaN,NaN
01.03.2022 00:00:00,12835873,NaN,NaN,NaN,NaN
02.03.2022 00:00:00,12848554,NaN,NaN,NaN,NaN
03.03.2022 00:00:00,12874392,NaN,NaN,NaN,NaN
04.03.2022 00:00:00,12904895,NaN,NaN,NaN,NaN
05.03.2022 00:00:00,12934007,NaN,NaN,NaN,NaN
06.03.2022 00:00:00,12939743,NaN,NaN,NaN,NaN
07.03.2022 00:00:00,12964754,NaN,NaN,NaN,NaN
08.03.2022 00:00:00,12995340,NaN,NaN,NaN,NaN
09.03.2022 00:00:00,13025832,NaN,NaN,NaN,NaN
10.03.2022 00:00:00,13055657,NaN,NaN,NaN,NaN
11.03.2022 00:00:00,13085993,NaN,NaN,NaN,NaN
12.03.2022 00:00:00,13117757,NaN,NaN,NaN,NaN
13.03.2022 00:00:00,13149857,NaN,NaN,NaN,NaN
14.03.2022 00:00:00,13180300,NaN,NaN,NaN,NaN
15.03.2022 00:00:00,13211078,NaN,NaN,NaN,NaN
16.03.2022 00:00:00,13237623,NaN,NaN,NaN,NaN
17.03.2022 00:00:00,NaN,NaN,NaN,NaN,NaN
18.03.2022 00:00:00,13283116,NaN,NaN,NaN,NaN
19.03.2022 00:00:00,13301905,NaN,NaN,NaN,NaN
20.03.2022 00:00:00,13318300,NaN,NaN,NaN,NaN
21.03.2022 00:00:00,13329775,NaN,NaN,NaN,NaN
22.03.2022 00:00:00,13361279,NaN,NaN,NaN,NaN
23.03.2022 00:00:00,13392644,NaN,NaN,NaN,NaN
24.03.2022 00:00:00,13427681,NaN,NaN,NaN,NaN
25.03.2022 00:00:00,13439148,NaN,NaN,NaN,NaN
26.03.2022 00:00:00,13470144,NaN,NaN,NaN,NaN
27.03.2022 00:00:00,13500337,NaN,NaN,NaN,NaN
28.03.2022 00:00:00,13531599,NaN,NaN,NaN,NaN
29.03.2022 00:00:00,13561698,NaN,NaN,NaN,NaN
30.03.2022 00:00:00,13594716,NaN,NaN,NaN,NaN
31.03.2022 00:00:00,13628851,NaN,NaN,NaN,NaN
01.04.2022 00:00:00,13693317,NaN,NaN,NaN,NaN
02.04.2022 00:00:00,13703789,NaN,NaN,NaN,NaN
03.04.2022 00:00:00,13727966,NaN,NaN,NaN,NaN
04.04.2022 00:00:00,13734853,NaN,NaN,NaN,NaN
05.04.2022 00:00:00,13749026,NaN,NaN,NaN,NaN
06.04.2022 00:00:00,13769203,NaN,NaN,NaN,NaN
07.04.2022 00:00:00,13790552,NaN,NaN,NaN,NaN
08.04.2022 00:00:00,13793992,NaN,NaN,NaN,NaN
09.04.2022 00:00:00,13802105,NaN,NaN,NaN,NaN
10.04.2022 00:00:00,13807814,NaN,NaN,NaN,NaN
11.04.2022 00:00:00,13828620,NaN,NaN,NaN,NaN
12.04.2022 00:00:00,13842467,NaN,NaN,NaN,NaN
13.04.2022 00:00:00,13878027,NaN,NaN,NaN,NaN
14.04.2022 00:00:00,13911938,NaN,NaN,NaN,NaN
15.04.2022 00:00:00,13944766,NaN,NaN,NaN,NaN
16.04.2022 00:00:00,13971396,NaN,NaN,NaN,NaN
17.04.2022 00:00:00,13986142,NaN,NaN,NaN,NaN
18.04.2022 00:00:00,14018440,NaN,NaN,NaN,NaN
19.04.2022 00:00:00,NaN,NaN,NaN,NaN,NaN
20.04.2022 00:00:00,14055872,NaN,NaN,NaN,NaN
21.04.2022 00:00:00,14100954,NaN,NaN,NaN,NaN
22.04.2022 00:00:00,14141593,NaN,NaN,NaN,NaN
23.04.2022 00:00:00,14178588,NaN,NaN,NaN,NaN
24.04.2022 00:00:00,NaN,NaN,NaN,NaN,NaN
25.04.2022 00:00:00,14263893,NaN,NaN,NaN,NaN
26.04.2022 00:00:00,14285661,NaN,NaN,NaN,NaN
27.04.2022 00:00:00,14321378,NaN,NaN,NaN,NaN
28.04.2022 00:00:00,14363952,NaN,NaN,NaN,NaN
29.04.2022 00:00:00,14377655,NaN,NaN,NaN,NaN
30.04.2022 00:00:00,14416229,NaN,NaN,NaN,NaN
01.05.2022 00:00:00,14456662,NaN,NaN,NaN,NaN
02.05.2022 00:00:00,14497760,NaN,NaN,NaN,NaN
03.05.2022 00:00:00,14525454,NaN,NaN,NaN,NaN
04.05.2022 00:00:00,14544031,NaN,NaN,NaN,NaN
05.05.2022 00:00:00,14576964,NaN,NaN,NaN,NaN
06.05.2022 00:00:00,14618028,NaN,NaN,NaN,NaN
07.05.2022 00:00:00,14641533,NaN,NaN,NaN,NaN
08.05.2022 00:00:00,14681405,NaN,NaN,NaN,NaN
09.05.2022 00:00:00,14707314,NaN,NaN,NaN,NaN
10.05.2022 00:00:00,14750221,NaN,NaN,NaN,NaN
11.05.2022 00:00:00,14782005,NaN,NaN,NaN,NaN
12.05.2022 00:00:00,14827749,NaN,NaN,NaN,NaN
13.05.2022 00:00:00,14869010,NaN,NaN,NaN,NaN
14.05.2022 00:00:00,14890254,NaN,NaN,NaN,NaN
15.05.2022 00:00:00,14926120,NaN,NaN,NaN,NaN
16.05.2022 00:00:00,14961140,NaN,NaN,NaN,NaN
17.05.2022 00:00:00,15004088,NaN,NaN,NaN,NaN
18.05.2022 00:00:00,15048992,NaN,NaN,NaN,NaN
19.05.2022 00:00:00,15096175,NaN,NaN,NaN,NaN
20.05.2022 00:00:00,15128866,NaN,NaN,NaN,NaN
21.05.2022 00:00:00,15163234,NaN,NaN,NaN,NaN
22.05.2022 00:00:00,15207107,NaN,NaN,NaN,NaN
23.05.2022 00:00:00,15230180,NaN,NaN,NaN,NaN
24.05.2022 00:00:00,15248733,NaN,NaN,NaN,NaN
25.05.2022 00:00:00,15284475,NaN,NaN,NaN,NaN
26.05.2022 00:00:00,15332832,NaN,NaN,NaN,NaN
27.05.2022 00:00:00,15346863,NaN,NaN,NaN,NaN
28.05.2022 00:00:00,15381258,NaN,NaN,NaN,NaN
29.05.2022 00:00:00,15412873,NaN,NaN,NaN,NaN
30.05.2022 00:00:00,15454858,NaN,NaN,NaN,NaN
31.05.2022 00:00:00,15498482,NaN,NaN,NaN,NaN
01.06.2022 00:00:00,15540903,NaN,NaN,NaN,NaN
02.06.2022 00:00:00,15567573,NaN,NaN,NaN,NaN
03.06.2022 00:00:00,15606989,NaN,NaN,NaN,NaN
04.06.2022 00:00:00,15643099,NaN,NaN,NaN,NaN
05.06.2022 00:00:00,15686808,NaN,NaN,NaN,NaN
06.06.2022 00:00:00,15733829,NaN,NaN,NaN,NaN
07.06.2022 00:00:00,15782814,NaN,NaN,NaN,NaN
08.06.2022 00:00:00,15820699,NaN,NaN,NaN,NaN
09.06.2022 00:00:00,15833293,NaN,NaN,NaN,NaN
10.06.2022 00:00:00,15854270,NaN,NaN,NaN,NaN
11.06.2022 00:00:00,15889976,NaN,NaN,NaN,NaN
12.06.2022 00:00:00,15905950,NaN,NaN,NaN,NaN
13.06.2022 00:00:00,15950307,NaN,NaN,NaN,NaN
14.06.2022 00:00:00,15980283,NaN,NaN,NaN,NaN
15.06.2022 00:00:00,16030328,NaN,NaN,NaN,NaN
16.06.2022 00:00:00,16081002,NaN,NaN,NaN,NaN
17.06.2022 00:00:00,16125944,NaN,NaN,NaN,NaN
18.06.2022 00:00:00,16175457,NaN,NaN,NaN,NaN
19.06.2022 00:00:00,16228341,NaN,NaN,NaN,NaN
20.06.2022 00:00:00,16278713,NaN,NaN,NaN,NaN
21.06.2022 00:00:00,16327785,NaN,NaN,NaN,NaN
22.06.2022 00:00:00,16372793,NaN,NaN,NaN,NaN
23.06.2022 00:00:00,16392553,NaN,NaN,NaN,NaN
24.06.2022 00:00:00,16439095,NaN,NaN,NaN,NaN
25.06.2022 00:00:00,16480788,NaN,NaN,NaN,NaN
26.06.2022 00:00:00,16534092,NaN,NaN,NaN,NaN
27.06.2022 00:00:00,16580166,NaN,NaN,NaN,NaN
28.06.2022 00:00:00,16611827,NaN,NaN,NaN,NaN
29.06.2022 00:00:00,16636627,NaN,NaN,NaN,NaN
30.06.2022 00:00:00,16673281,NaN,NaN,NaN,NaN
01.07.2022 00:00:00,16691034,NaN,NaN,NaN,NaN
02.07.2022 00:00:00,16743810,NaN,NaN,NaN,NaN
03.07.2022 00:00:00,16791560,NaN,NaN,NaN,NaN
04.07.2022 00:00:00,16817596,NaN,NaN,NaN,NaN
05.07.2022 00:00:00,16854030,NaN,NaN,NaN,NaN
06.07.2022 00:00:00,16898972,NaN,NaN,NaN,NaN
07.07.2022 00:00:00,16938028,NaN,NaN,NaN,NaN
08.07.2022 00:00:00,16984108,NaN,NaN,NaN,NaN
09.07.2022 00:00:00,17024389,NaN,NaN,NaN,NaN
10.07.2022 00:00:00,17064123,NaN,NaN,NaN,NaN
11.07.2022 00:00:00,17090471,NaN,NaN,NaN,NaN
12.07.2022 00:00:00,17142071,NaN,NaN,NaN,NaN
13.07.2022 00:00:00,17181576,NaN,NaN,NaN,NaN
14.07.2022 00:00:00,17219666,NaN,NaN,NaN,NaN
15.07.2022 00:00:00,17257303,NaN,NaN,NaN,NaN
16.07.2022 00:00:00,17296021,NaN,NaN,NaN,NaN
17.07.2022 00:00:00,17331518,NaN,NaN,NaN,NaN
18.07.2022 00:00:00,17375044,NaN,NaN,NaN,NaN
19.07.2022 00:00:00,17413652,NaN,NaN,NaN,NaN
20.07.2022 00:00:00,17462932,NaN,NaN,NaN,NaN
21.07.2022 00:00:00,17510225,NaN,NaN,NaN,NaN
22.07.2022 00:00:00,17556696,NaN,NaN,NaN,NaN
23.07.2022 00:00:00,17601380,NaN,NaN,NaN,NaN
24.07.2022 00:00:00,17633083,NaN,NaN,NaN,NaN
25.07.2022 00:00:00,17639470,NaN,NaN,NaN,NaN
26.07.2022 00:00:00,17671121,NaN,NaN,NaN,NaN
27.07.2022 00:00:00,17716948,NaN,NaN,NaN,NaN
28.07.2022 00:00:00,17764283,NaN,NaN,NaN,NaN
29.07.2022 00:00:00,17795279,NaN,NaN,NaN,NaN
30.07.2022 00:00:00,17824414,NaN,NaN,NaN,NaN
31.07.2022 00:00:00,17855441,NaN,NaN,NaN,NaN
01.08.2022 00:00:00,17894567,NaN,NaN,NaN,NaN
02.08.2022 00:00:00,17939152,NaN,NaN,NaN,NaN
03.08.2022 00:00:00,17974649,NaN,NaN,NaN,NaN
04.08.2022 00:00:00,17988055,NaN,NaN,NaN,NaN
05.08.2022 00:00:00,18023381,NaN,NaN,NaN,NaN
06.08.2022 00:00:00,18067368,NaN,NaN,NaN,NaN
07.08.2022 00:00:00,18113059,NaN,NaN,NaN,NaN
08.08.2022 00:00:00,18147254,NaN,NaN,NaN,NaN
09.08.2022 00:00:00,18180524,NaN,NaN,NaN,NaN
10.08.2022 00:00:00,18218726,NaN,NaN,NaN,NaN
11.08.2022 00:00:00,18263109,NaN,NaN,NaN,NaN
12.08.2022 00:00:00,18298076,NaN,NaN,NaN,NaN
13.08.2022 00:00:00,18342605,NaN,NaN,NaN,NaN
14.08.2022 00:00:00,18386119,NaN,NaN,NaN,NaN
15.08.2022 00:00:00,18428690,NaN,NaN,NaN,NaN
16.08.2022 00:00:00,18470049,NaN,NaN,NaN,NaN
17.08.2022 00:00:00,18511640,NaN,NaN,NaN,NaN
18.08.2022 00:00:00,18548807,NaN,NaN,NaN,NaN
19.08.2022 00:00:00,18564788,NaN,NaN,NaN,NaN
20.08.2022 00:00:00,18593822,NaN,NaN,NaN,NaN
21.08.2022 00:00:00,18602437,NaN,NaN,NaN,NaN
22.08.2022 00:00:00,18630275,NaN,NaN,NaN,NaN
23.08.2022 00:00:00,18649901,NaN,NaN,NaN,NaN
24.08.2022 00:00:00,18680893,NaN,NaN,NaN,NaN
25.08.2022 00:00:00,18715653,NaN,NaN,NaN,NaN
26.08.2022 00:00:00,18750258,NaN,NaN,NaN,NaN
27.08.2022 00:00:00,18786768,NaN,NaN,NaN,NaN
28.08.2022 00:00:00,18816676,NaN,NaN,NaN,NaN
29.08.2022 00:00:00,18849222,NaN,NaN,NaN,NaN
30.08.2022 00:00:00,18863437,NaN,NaN,NaN,NaN
31.08.2022 00:00:00,18882359,NaN,NaN,NaN,NaN
01.09.2022 00:00:00,18914048,NaN,NaN,NaN,NaN
02.09.2022 00:00:00,18941244,NaN,NaN,NaN,NaN
03.09.2022 00:00:00,18972119,NaN,NaN,NaN,NaN
04.09.2022 00:00:00,19007253,NaN,NaN,NaN,NaN
05.09.2022 00:00:00,19043847,NaN,NaN,NaN,NaN
06.09.2022 00:00:00,19077372,NaN,NaN,NaN,NaN
07.09.2022 00:00:00,19109562,NaN,NaN,NaN,NaN
08.09.2022 00:00:00,19136716,NaN,NaN,NaN,NaN
09.09.2022 00:00:00,19164513,NaN,NaN,NaN,NaN
10.09.2022 00:00:00,19195507,NaN,NaN,NaN,NaN
11.09.2022 00:00:00,19225944,NaN,NaN,NaN,NaN
12.09.2022 00:00:00,19250228,NaN,NaN,NaN,NaN
13.09.2022 00:00:00,19263535,NaN,NaN,NaN,NaN
14.09.2022 00:00:00,19291401,NaN,NaN,NaN,NaN
15.09.2022 00:00:00,19317581,NaN,NaN,NaN,NaN
16.09.2022 00:00:00,19348084,NaN,NaN,NaN,NaN
17.09.2022 00:00:00,19367306,NaN,NaN,NaN,NaN
18.09.2022 00:00:00,19378774,NaN,NaN,NaN,NaN
19.09.2022 00:00:00,19393501,NaN,NaN,NaN,NaN
20.09.2022 00:00:00,19411252,NaN,NaN,NaN,NaN
21.09.2022 00:00:00,19437461,NaN,NaN,NaN,NaN
22.09.2022 00:00:00,19443479,NaN,NaN,NaN,NaN
23.09.2022 00:00:00,19466605,NaN,NaN,NaN,NaN
24.09.2022 00:00:00,19487735,NaN,NaN,NaN,NaN
25.09.2022 00:00:00,19513412,NaN,NaN,NaN,NaN
26.09.2022 00:00:00,19540970,NaN,NaN,NaN,NaN
27.09.2022 00:00:00,19553735,NaN,NaN,NaN,NaN
28.09.2022 00:00:00,19561062,NaN,NaN,NaN,NaN
29.09.2022 00:00:00,19580756,NaN,NaN,NaN,NaN
30.09.2022 00:00:00,19587834,NaN,NaN,NaN,NaN
01.10.2022 00:00:00,19595864,NaN,NaN,NaN,NaN
02.10.2022 00:00:00,19615421,NaN,NaN,NaN,NaN
03.10.2022 00:00:00,19638237,NaN,NaN,NaN,NaN
04.10.2022 00:00:00,19660693,NaN,NaN,NaN,NaN
05.10.2022 00:00:00,19676366,NaN,NaN,NaN,NaN
06.10.2022 00:00:00,19693502,NaN,NaN,NaN,NaN
07.10.2022 00:00:00,19706118,NaN,NaN,NaN,NaN
08.10.2022 00:00:00,19728382,NaN,NaN,NaN,NaN
09.10.2022 00:00:00,19735076,NaN,NaN,NaN,NaN
10.10.2022 00:00:00,19759110,NaN,NaN,NaN,NaN
11.10.2022 00:00:00,19774462,NaN,NaN,NaN,NaN
12.10.2022 00:00:00,19798031,NaN,NaN,NaN,NaN
13.10.2022 00:00:00,19820387,NaN,NaN,NaN,NaN
14.10.2022 00:00:00,19829604,NaN,NaN,NaN,NaN
15.10.2022 00:00:00,19849861,NaN,NaN,NaN,NaN
16.10.2022 00:00:00,19865217,NaN,NaN,NaN,NaN
17.10.2022 00:00:00,19874135,NaN,NaN,NaN,NaN
18.10.2022 00:00:00,19880335,NaN,NaN,NaN,NaN
19.10.2022 00:00:00,19888376,NaN,NaN,NaN,NaN
20.10.2022 00:00:00,19905186,NaN,NaN,NaN,NaN
21.10.2022 00:00:00,19909455,NaN,NaN,NaN,NaN
22.10.2022 00:00:00,19927666,NaN,NaN,NaN,NaN
23.10.2022 00:00:00,19945650,NaN,NaN,NaN,NaN
24.10.2022 00:00:00,19953048,NaN,NaN,NaN,NaN
25.10.2022 00:00:00,19965744,NaN,NaN,NaN,NaN
26.10.2022 00:00:00,19978252,NaN,NaN,NaN,NaN
27.10.2022 00:00:00,19985195,NaN,NaN,NaN,NaN
28.10.2022 00:00:00,19993771,NaN,NaN,NaN,NaN
29.10.2022 00:00:00,20007303,NaN,NaN,NaN,NaN
30.10.2022 00:00:00,20020111,NaN,NaN,NaN,NaN
31.10.2022 00:00:00,20027427,NaN,NaN,NaN,NaN
01.11.2022 00:00:00,20036413,NaN,NaN,NaN,NaN
02.11.2022 00:00:00,20045469,NaN,NaN,NaN,NaN
03.11.2022 00:00:00,20055560,NaN,NaN,NaN,NaN
04.11.2022 00:00:00,20061181,NaN,NaN,NaN,NaN
05.11.2022 00:00:00,20073798,NaN,NaN,NaN,NaN
06.11.2022 00:00:00,20086681,NaN,NaN,NaN,NaN
07.11.2022 00:00:00,20092684,NaN,NaN,NaN,NaN
08.11.2022 00:00:00,20099623,NaN,NaN,NaN,NaN
09.11.2022 00:00:00,20107482,NaN,NaN,NaN,NaN
10.11.2022 00:00:00,20111854,NaN,NaN,NaN,NaN
11.11.2022 00:00:00,20116565,NaN,NaN,NaN,NaN
12.11.2022 00:00:00,20122706,NaN,NaN,NaN,NaN
13.11.2022 00:00:00,20130052,NaN,NaN,NaN,NaN
14.11.2022 00:00:00,20139461,NaN,NaN,NaN,NaN
15.11.2022 00:00:00,20147003,NaN,NaN,NaN,NaN
16.11.2022 00:00:00,20157319,NaN,NaN,NaN,NaN
17.11.2022 00:00:00,20167331,NaN,NaN,NaN,NaN
18.11.2022 00:00:00,20176830,NaN,NaN,NaN,NaN
19.11.2022 00:00:00,20184116,NaN,NaN,NaN,NaN
20.11.2022 00:00:00,20190423,NaN,NaN,NaN,NaN
21.11.2022 00:00:00,20191748,NaN,NaN,NaN,NaN
22.11.2022 00:00:00,20194296,NaN,NaN,NaN,NaN
23.11.2022 00:00:00,20197172,NaN,NaN,NaN,NaN
24.11.2022 00:00:00,20199592,NaN,NaN,NaN,NaN
25.11.2022 00:00:00,20205211,NaN,NaN,NaN,NaN
26.11.2022 00:00:00,20207713,NaN,NaN,NaN,NaN
27.11.2022 00:00:00,20212207,NaN,NaN,NaN,NaN
28.11.2022 00:00:00,20219676,NaN,NaN,NaN,NaN
29.11.2022 00:00:00,20227259,NaN,NaN,NaN,NaN
30.11.2022 00:00:00,20232558,NaN,NaN,NaN,NaN
01.12.2022 00:00:00,20233997,NaN,NaN,NaN,NaN
02.12.2022 00:00:00,20236759,NaN,NaN,NaN,NaN
03.12.2022 00:00:00,20239187,NaN,NaN,NaN,NaN
04.12.2022 00:00:00,20242915,NaN,NaN,NaN,NaN
05.12.2022 00:00:00,20249522,NaN,NaN,NaN,NaN
06.12.2022 00:00:00,20252347,NaN,NaN,NaN,NaN
07.12.2022 00:00:00,20252885,NaN,NaN,NaN,NaN
08.12.2022 00:00:00,20253801,NaN,NaN,NaN,NaN
09.12.2022 00:00:00,20254503,NaN,NaN,NaN,NaN
10.12.2022 00:00:00,20259681,NaN,NaN,NaN,NaN
11.12.2022 00:00:00,20264219,NaN,NaN,NaN,NaN
12.12.2022 00:00:00,20266390,NaN,NaN,NaN,NaN
13.12.2022 00:00:00,20272042,NaN,NaN,NaN,NaN
14.12.2022 00:00:00,20273771,NaN,NaN,NaN,NaN
15.12.2022 00:00:00,20274905,NaN,NaN,NaN,NaN
16.12.2022 00:00:00,20281101,NaN,NaN,NaN,NaN
17.12.2022 00:00:00,20284447,NaN,NaN,NaN,NaN
18.12.2022 00:00:00,20289657,NaN,NaN,NaN,NaN
19.12.2022 00:00:00,20294805,NaN,NaN,NaN,NaN
20.12.2022 00:00:00,20300683,NaN,NaN,NaN,NaN
21.12.2022 00:00:00,20305830,NaN,NaN,NaN,NaN
22.12.2022 00:00:00,20308033,NaN,NaN,NaN,NaN
23.12.2022 00:00:00,20309876,NaN,NaN,NaN,NaN
24.12.2022 00:00:00,20310686,NaN,NaN,NaN,NaN
25.12.2022 00:00:00,20312549,NaN,NaN,NaN,NaN
26.12.2022 00:00:00,20315221,NaN,NaN,NaN,NaN
27.12.2022 00:00:00,20315938,NaN,NaN,NaN,NaN
28.12.2022 00:00:00,20320464,NaN,NaN,NaN,NaN
29.12.2022 00:00:00,20321327,NaN,NaN,NaN,NaN
30.12.2022 00:00:00,20324958,NaN,NaN,NaN,NaN
31.12.2022 00:00:00,20328910,NaN,NaN,NaN,NaN
01.01.2023 00:00:00,20330272,NaN,NaN,NaN,NaN
02.01.2023 00:00:00,20332593,NaN,NaN,NaN,NaN
03.01.2023 00:00:00,20333886,NaN,NaN,NaN,NaN
04.01.2023 00:00:00,20335009,NaN,NaN,NaN,NaN
05.01.2023 00:00:00,20338142,NaN,NaN,NaN,NaN
06.01.2023 00:00:00,20340430,NaN,NaN,NaN,NaN
07.01.2023 00:00:00,20344167,NaN,NaN,NaN,NaN
08.01.2023 00:00:00,20346206,NaN,NaN,NaN,NaN
09.01.2023 00:00:00,20350483,NaN,NaN,NaN,NaN
10.01.2023 00:00:00,20357593,NaN,NaN,NaN,NaN
11.01.2023 00:00:00,20362248,NaN,NaN,NaN,NaN
12.01.2023 00:00:00,20368253,NaN,NaN,NaN,NaN
13.01.2023 00:00:00,20371271,NaN,NaN,NaN,NaN
14.01.2023 00:00:00,20373706,NaN,NaN,NaN,NaN
15.01.2023 00:00:00,20379994,NaN,NaN,NaN,NaN
16.01.2023 00:00:00,20380517,NaN,NaN,NaN,NaN
17.01.2023 00:00:00,20383167,NaN,NaN,NaN,NaN
18.01.2023 00:00:00,20383820,NaN,NaN,NaN,NaN
19.01.2023 00:00:00,20388518,NaN,NaN,NaN,NaN
20.01.2023 00:00:00,20391180,NaN,NaN,NaN,NaN
21.01.2023 00:00:00,20398433,NaN,NaN,NaN,NaN
22.01.2023 00:00:00,20405450,NaN,NaN,NaN,NaN
23.01.2023 00:00:00,20413158,NaN,NaN,NaN,NaN
24.01.2023 00:00:00,20414780,NaN,NaN,NaN,NaN
25.01.2023 00:00:00,20421290,NaN,NaN,NaN,NaN
26.01.2023 00:00:00,20424086,NaN,NaN,NaN,NaN
27.01.2023 00:00:00,20428310,NaN,NaN,NaN,NaN
28.01.2023 00:00:00,20430143,NaN,NaN,NaN,NaN
29.01.2023 00:00:00,20431806,NaN,NaN,NaN,NaN
30.01.2023 00:00:00,20438992,NaN,NaN,NaN,NaN
31.01.2023 00:00:00,20443024,NaN,NaN,NaN,NaN
01.02.2023 00:00:00,20452609,NaN,NaN,NaN,NaN
02.02.2023 00:00:00,20455253,NaN,NaN,NaN,NaN
03.02.2023 00:00:00,20460978,NaN,NaN,NaN,NaN
04.02.2023 00:00:00,20465659,NaN,NaN,NaN,NaN
05.02.2023 00:00:00,20471388,NaN,NaN,NaN,NaN
06.02.2023 00:00:00,20475436,NaN,NaN,NaN,NaN
07.02.2023 00:00:00,20480810,NaN,NaN,NaN,NaN
08.02.2023 00:00:00,20483116,NaN,NaN,NaN,NaN
09.02.2023 00:00:00,20491437,NaN,NaN,NaN,NaN
10.02.2023 00:00:00,20502213,NaN,NaN,NaN,NaN
11.02.2023 00:00:00,20513046,NaN,NaN,NaN,NaN
12.02.2023 00:00:00,20526972,NaN,NaN,NaN,NaN
13.02.2023 00:00:00,20535646,NaN,NaN,NaN,NaN
14.02.2023 00:00:00,20546544,NaN,NaN,NaN,NaN
15.02.2023 00:00:00,20549751,NaN,NaN,NaN,NaN
16.02.2023 00:00:00,20553028,NaN,NaN,NaN,NaN
17.02.2023 00:00:00,20567844,NaN,NaN,NaN,NaN
18.02.2023 00:00:00,NaN,NaN,NaN,NaN,NaN
19.02.2023 00:00:00,20596292,NaN,NaN,NaN,NaN
20.02.2023 00:00:00,20604202,NaN,NaN,NaN,NaN
21.02.2023 00:00:00,20609438,NaN,NaN,NaN,NaN
22.02.2023 00:00:00,20616848,NaN,NaN,NaN,NaN
23.02.2023 00:00:00,20622894,NaN,NaN,NaN,NaN
24.02.2023 00:00:00,20627226,NaN,NaN,NaN,NaN
25.02.2023 00:00:00,20630051,NaN,NaN,NaN,NaN
26.02.2023 00:00:00,20637116,NaN,NaN,NaN,NaN
27.02.2023 00:00:00,20642390,NaN,NaN,NaN,NaN
28.02.2023 00:00:00,20648878,NaN,NaN,NaN,NaN
01.03.2023 00:00:00,20663509,NaN,NaN,NaN,NaN
02.03.2023 00:00:00,20684979,NaN,NaN,NaN,NaN
03.03.2023 00:00:00,20703168,NaN,NaN,NaN,NaN
04.03.2023 00:00:00,20720440,NaN,NaN,NaN,NaN
05.03.2023 00:00:00,20742948,NaN,NaN,NaN,NaN
06.03.2023 00:00:00,20765692,NaN,NaN,NaN,NaN
07.03.2023 00:00:00,20779957,NaN,NaN,NaN,NaN
08.03.2023 00:00:00,20792844,NaN,NaN,NaN,NaN
09.03.2023 00:00:00,20804431,NaN,NaN,NaN,NaN
10.03.2023 00:00:00,20814936,NaN,NaN,NaN,NaN
11.03.2023 00:00:00,20821616,NaN,NaN,NaN,NaN
12.03.2023 00:00:00,20828994,NaN,NaN,NaN,NaN
13.03.2023 00:00:00,20834827,NaN,NaN,NaN,NaN
14.03.2023 00:00:00,20840278,NaN,NaN,NaN,NaN
15.03.2023 00:00:00,20863772,NaN,NaN,NaN,NaN
16.03.2023 00:00:00,20876649,NaN,NaN,NaN,NaN
17.03.2023 00:00:00,20898899,NaN,NaN,NaN,NaN
18.03.2023 00:00:00,20914690,NaN,NaN,NaN,NaN
19.03.2023 00:00:00,20940923,NaN,NaN,NaN,NaN
20.03.2023 00:00:00,20962978,NaN,NaN,NaN,NaN
21.03.2023 00:00:00,20979645,NaN,NaN,NaN,NaN
22.03.2023 00:00:00,20996261,NaN,NaN,NaN,NaN
23.03.2023 00:00:00,21008335,NaN,NaN,NaN,NaN
24.03.2023 00:00:00,21016443,NaN,NaN,NaN,NaN
25.03.2023 00:00:00,21027272,NaN,NaN,NaN,NaN
26.03.2023 00:00:00,21034700,NaN,NaN,NaN,NaN
27.03.2023 00:00:00,21061291,NaN,NaN,NaN,NaN
28.03.2023 00:00:00,21083222,NaN,NaN,NaN,NaN
29.03.2023 00:00:00,21102200,NaN,NaN,NaN,NaN
30.03.2023 00:00:00,21142973,NaN,NaN,NaN,NaN
31.03.2023 00:00:00,21159906,NaN,NaN,NaN,NaN
01.04.2023 00:00:00,21173060,NaN,NaN,NaN,NaN
02.04.2023 00:00:00,21201703,NaN,NaN,NaN,NaN
03.04.2023 00:00:00,21212713,NaN,NaN,NaN,NaN
04.04.2023 00:00:00,21219949,NaN,NaN,NaN,NaN
05.04.2023 00:00:00,21247946,NaN,NaN,NaN,NaN
06.04.2023 00:00:00,21287972,NaN,NaN,NaN,NaN
07.04.2023 00:00:00,21327244,NaN,NaN,NaN,NaN
08.04.2023 00:00:00,21363844,NaN,NaN,NaN,NaN
09.04.2023 00:00:00,21372734,NaN,NaN,NaN,NaN
10.04.2023 00:00:00,21382674,NaN,NaN,NaN,NaN
11.04.2023 00:00:00,21411285,NaN,NaN,NaN,NaN
12.04.2023 00:00:00,21437727,NaN,NaN,NaN,NaN
13.04.2023 00:00:00,21449526,NaN,NaN,NaN,NaN
14.04.2023 00:00:00,21487560,NaN,NaN,NaN,NaN
15.04.2023 00:00:00,21512881,NaN,NaN,NaN,NaN
16.04.2023 00:00:00,21538577,NaN,NaN,NaN,NaN
17.04.2023 00:00:00,21572056,NaN,NaN,NaN,NaN
18.04.2023 00:00:00,21612567,NaN,NaN,NaN,NaN
19.04.2023 00:00:00,21620585,NaN,NaN,NaN,NaN
20.04.2023 00:00:00,21648562,NaN,NaN,NaN,NaN
21.04.2023 00:00:00,21670714,NaN,NaN,NaN,NaN
22.04.2023 00:00:00,21714765,NaN,NaN,NaN,NaN
23.04.2023 00:00:00,21729606,NaN,NaN,NaN,NaN
24.04.2023 00:00:00,21764661,NaN,NaN,NaN,NaN
25.04.2023 00:00:00,21778525,NaN,NaN,NaN,NaN
26.04.2023 00:00:00,21802242,NaN,NaN,NaN,NaN
27.04.2023 00:00:00,21821167,NaN,NaN,NaN,NaN
28.04.2023 00:00:00,21857774,NaN,NaN,NaN,NaN
29.04.2023 00:00:00,21881893,NaN,NaN,NaN,NaN
30.04.2023 00:00:00,21906687,NaN,NaN,NaN,NaN
01.05.2023 00:00:00,21913340,NaN,NaN,NaN,NaN
02.05.2023 00:00:00,21929665,NaN,NaN,NaN,NaN
03.05.2023 00:00:00,21953849,NaN,NaN,NaN,NaN
04.05.2023 00:00:00,21963528,NaN,NaN,NaN,NaN
05.05.2023 00:00:00,21984016,NaN,NaN,NaN,NaN
06.05.2023 00:00:00,22010300,NaN,NaN,NaN,NaN
07.05.2023 00:00:00,22033089,NaN,NaN,NaN,NaN
08.05.2023 00:00:00,22043688,NaN,NaN,NaN,NaN
09.05.2023 00:00:00,22058977,NaN,NaN,NaN,NaN
10.05.2023 00:00:00,22071086,NaN,NaN,NaN,NaN
11.05.2023 00:00:00,22085727,NaN,NaN,NaN,NaN
12.05.2023 00:00:00,22090345,NaN,NaN,NaN,NaN
13.05.2023 00:00:00,22101198,NaN,NaN,NaN,NaN
14.05.2023 00:00:00,22115193,NaN,NaN,NaN,NaN
15.05.2023 00:00:00,22133124,NaN,NaN,NaN,NaN
16.05.2023 00:00:00,22158802,NaN,NaN,NaN,NaN
17.05.2023 00:00:00,22181835,NaN,NaN,NaN,NaN
18.05.2023 00:00:00,22188426,NaN,NaN,NaN,NaN
19.05.2023 00:00:00,22211352,NaN,NaN,NaN,NaN
20.05.2023 00:00:00,22237793,NaN,NaN,NaN,NaN
21.05.2023 00:00:00,22260297,NaN,NaN,NaN,NaN
22.05.2023 00:00:00,22286581,NaN,NaN,NaN,NaN
23.05.2023 00:00:00,22311395,NaN,NaN,NaN,NaN
24.05.2023 00:00:00,22331753,NaN,NaN,NaN,NaN
25.05.2023 00:00:00,22354434,NaN,NaN,NaN,NaN
26.05.2023 00:00:00,22374117,NaN,NaN,NaN,NaN
27.05.2023 00:00:00,22393202,NaN,NaN,NaN,NaN
28.05.2023 00:00:00,22413109,NaN,NaN,NaN,NaN
29.05.2023 00:00:00,22440388,NaN,NaN,NaN,NaN
30.05.2023 00:00:00,22467561,NaN,NaN,NaN,NaN
31.05.2023 00:00:00,22491820,NaN,NaN,NaN,NaN
01.06.2023 00:00:00,22517966,NaN,NaN,NaN,NaN
02.06.2023 00:00:00,22542258,NaN,NaN,NaN,NaN
03.06.2023 00:00:00,22569777,NaN,NaN,NaN,NaN
04.06.2023 00:00:00,22594284,NaN,NaN,NaN,NaN
05.06.2023 00:00:00,22609076,NaN,NaN,NaN,NaN
06.06.2023 00:00:00,22636926,NaN,NaN,NaN,NaN
07.06.2023 00:00:00,22664041,NaN,NaN,NaN,NaN
08.06.2023 00:00:00,22690814,NaN,NaN,NaN,NaN
09.06.2023 00:00:00,22717729,NaN,NaN,NaN,NaN
10.06.2023 00:00:00,22741882,NaN,NaN,NaN,NaN
11.06.2023 00:00:00,22767611,NaN,NaN,NaN,NaN
12.06.2023 00:00:00,22793573,NaN,NaN,NaN,NaN
13.06.2023 00:00:00,22819047,NaN,NaN,NaN,NaN
14.06.2023 00:00:00,22845720,NaN,NaN,NaN,NaN
15.06.2023 00:00:00,22873367,NaN,NaN,NaN,NaN
16.06.2023 00:00:00,22900906,NaN,NaN,NaN,NaN
17.06.2023 00:00:00,22953543,NaN,NaN,NaN,NaN
18.06.2023 00:00:00,22999800,NaN,NaN,NaN,NaN
19.06.2023 00:00:00,23050126,NaN,NaN,NaN,NaN
20.06.2023 00:00:00,23094206,NaN,NaN,NaN,NaN
21.06.2023 00:00:00,23112824,NaN,NaN,NaN,NaN
22.06.2023 00:00:00,23149777,NaN,NaN,NaN,NaN
23.06.2023 00:00:00,23180157,NaN,NaN,NaN,NaN
24.06.2023 00:00:00,23232586,NaN,NaN,NaN,NaN
25.06.2023 00:00:00,23249525,NaN,NaN,NaN,NaN
26.06.2023 00:00:00,23298755,NaN,NaN,NaN,NaN
27.06.2023 00:00:00,23350443,NaN,NaN,NaN,NaN
28.06.2023 00:00:00,23400785,NaN,NaN,NaN,NaN
29.06.2023 00:00:00,23451346,NaN,NaN,NaN,NaN
30.06.2023 00:00:00,23487939,NaN,NaN,NaN,NaN
01.07.2023 00:00:00,23503918,NaN,NaN,NaN,NaN
02.07.2023 00:00:00,23524678,NaN,NaN,NaN,NaN
03.07.2023 00:00:00,23564880,NaN,NaN,NaN,NaN
04.07.2023 00:00:00,23583837,NaN,NaN,NaN,NaN
05.07.2023 00:00:00,23625554,NaN,NaN,NaN,NaN
06.07.2023 00:00:00,23653957,NaN,NaN,NaN,NaN
07.07.2023 00:00:00,23689483,NaN,NaN,NaN,NaN
08.07.2023 00:00:00,23719976,NaN,NaN,NaN,NaN
09.07.2023 00:00:00,23768385,NaN,NaN,NaN,NaN
10.07.2023 00:00:00,23819540,NaN,NaN,NaN,NaN
11.07.2023 00:00:00,23863036,NaN,NaN,NaN,NaN
12.07.2023 00:00:00,23895537,NaN,NaN,NaN,NaN
13.07.2023 00:00:00,23943113,NaN,NaN,NaN,NaN
14.07.2023 00:00:00,23986299,NaN,NaN,NaN,NaN
15.07.2023 00:00:00,24030695,NaN,NaN,NaN,NaN
16.07.2023 00:00:00,24073829,NaN,NaN,NaN,NaN
17.07.2023 00:00:00,24103883,NaN,NaN,NaN,NaN
18.07.2023 00:00:00,24134722,NaN,NaN,NaN,NaN
19.07.2023 00:00:00,24171803,NaN,NaN,NaN,NaN
20.07.2023 00:00:00,24203690,NaN,NaN,NaN,NaN
21.07.2023 00:00:00,24247842,NaN,NaN,NaN,NaN
22.07.2023 00:00:00,24273917,NaN,NaN,NaN,NaN
23.07.2023 00:00:00,24298034,NaN,NaN,NaN,NaN
24.07.2023 00:00:00,24332787,NaN,NaN,NaN,NaN
25.07.2023 00:00:00,24350183,NaN,NaN,NaN,NaN
26.07.2023 00:00:00,24372536,NaN,NaN,NaN,NaN
27.07.2023 00:00:00,24396726,NaN,NaN,NaN,NaN
28.07.2023 00:00:00,24437236,NaN,NaN,NaN,NaN
29.07.2023 00:00:00,24481012,NaN,NaN,NaN,NaN
30.07.2023 00:00:00,24491922,NaN,NaN,NaN,NaN
31.07.2023 00:00:00,24510648,NaN,NaN,NaN,NaN
01.08.2023 00:00:00,24536897,NaN,NaN,NaN,NaN
02.08.2023 00:00:00,24568547,NaN,NaN,NaN,NaN
03.08.2023 00:00:00,24576972,NaN,NaN,NaN,NaN
04.08.2023 00:00:00,24608587,NaN,NaN,NaN,NaN
05.08.2023 00:00:00,24635626,NaN,NaN,NaN,NaN
06.08.2023 00:00:00,24656986,NaN,NaN,NaN,NaN
07.08.2023 00:00:00,24692168,NaN,NaN,NaN,NaN
08.08.2023 00:00:00,24707900,NaN,NaN,NaN,NaN
09.08.2023 00:00:00,24729468,NaN,NaN,NaN,NaN
10.08.2023 00:00:00,24765519,NaN,NaN,NaN,NaN
11.08.2023 00:00:00,24798097,NaN,NaN,NaN,NaN
12.08.2023 00:00:00,24839776,NaN,NaN,NaN,NaN
13.08.2023 00:00:00,24878493,NaN,NaN,NaN,NaN
14.08.2023 00:00:00,24911168,NaN,NaN,NaN,NaN
15.08.2023 00:00:00,24946527,NaN,NaN,NaN,NaN
16.08.2023 00:00:00,24971350,NaN,NaN,NaN,NaN
17.08.2023 00:00:00,25011306,NaN,NaN,NaN,NaN
18.08.2023 00:00:00,25044504,NaN,NaN,NaN,NaN
19.08.2023 00:00:00,25081459,NaN,NaN,NaN,NaN
20.08.2023 00:00:00,25100916,NaN,NaN,NaN,NaN
21.08.2023 00:00:00,25100998,NaN,NaN,NaN,NaN
22.08.2023 00:00:00,25124117,NaN,NaN,NaN,NaN
23.08.2023 00:00:00,25164055,NaN,NaN,NaN,NaN
24.08.2023 00:00:00,25202540,NaN,NaN,NaN,NaN
25.08.2023 00:00:00,25231764,NaN,NaN,NaN,NaN
26.08.2023 00:00:00,25267586,NaN,NaN,NaN,NaN
27.08.2023 00:00:00,25286718,NaN,NaN,NaN,NaN
28.08.2023 00:00:00,25309104,NaN,NaN,NaN,NaN
29.08.2023 00:00:00,25331464,NaN,NaN,NaN,NaN
30.08.2023 00:00:00,25351815,NaN,NaN,NaN,NaN
31.08.2023 00:00:00,25376503,NaN,NaN,NaN,NaN
01.09.2023 00:00:00,25405522,NaN,NaN,NaN,NaN
02.09.2023 00:00:00,25432456,NaN,NaN,NaN,NaN
03.09.2023 00:00:00,25460590,NaN,NaN,NaN,NaN
04.09.2023 00:00:00,25473315,NaN,NaN,NaN,NaN
05.09.2023 00:00:00,25493719,NaN,NaN,NaN,NaN
06.09.2023 00:00:00,25527722,NaN,NaN,NaN,NaN
07.09.2023 00:00:00,25561135,NaN,NaN,NaN,NaN
08.09.2023 00:00:00,25596298,NaN,NaN,NaN,NaN
09.09.2023 00:00:00,25625861,NaN,NaN,NaN,NaN
10.09.2023 00:00:00,25660297,NaN,NaN,NaN,NaN
11.09.2023 00:00:00,25692761,NaN,NaN,NaN,NaN
12.09.2023 00:00:00,25723640,NaN,NaN,NaN,NaN
13.09.2023 00:00:00,25753076,NaN,NaN,NaN,NaN
14.09.2023 00:00:00,25779476,NaN,NaN,NaN,NaN
15.09.2023 00:00:00,25800034,NaN,NaN,NaN,NaN
16.09.2023 00:00:00,25823347,NaN,NaN,NaN,NaN
17.09.2023 00:00:00,25849218,NaN,NaN,NaN,NaN
18.09.2023 00:00:00,25880164,NaN,NaN,NaN,NaN
19.09.2023 00:00:00,25906926,NaN,NaN,NaN,NaN
20.09.2023 00:00:00,25914720,NaN,NaN,NaN,NaN
21.09.2023 00:00:00,25929930,NaN,NaN,NaN,NaN
22.09.2023 00:00:00,25944307,NaN,NaN,NaN,NaN
23.09.2023 00:00:00,25959674,NaN,NaN,NaN,NaN
24.09.2023 00:00:00,25964546,NaN,NaN,NaN,NaN
25.09.2023 00:00:00,25981858,NaN,NaN,NaN,NaN
26.09.2023 00:00:00,25999280,NaN,NaN,NaN,NaN
27.09.2023 00:00:00,26027803,NaN,NaN,NaN,NaN
28.09.2023 00:00:00,26048912,NaN,NaN,NaN,NaN
29.09.2023 00:00:00,26065975,NaN,NaN,NaN,NaN
30.09.2023 00:00:00,26084472,NaN,NaN,NaN,NaN
01.10.2023 00:00:00,26099091,NaN,NaN,NaN,NaN
02.10.2023 00:00:00,26108989,NaN,NaN,NaN,NaN
03.10.2023 00:00:00,26129904,NaN,NaN,NaN,NaN
04.10.2023 00:00:00,26153850,NaN,NaN,NaN,NaN
05.10.2023 00:00:00,26170721,NaN,NaN,NaN,NaN
06.10.2023 00:00:00,26182992,NaN,NaN,NaN,NaN
07.10.2023 00:00:00,26198436,NaN,NaN,NaN,NaN
08.10.2023 00:00:00,26215596,NaN,NaN,NaN,NaN
09.10.2023 00:00:00,26231297,NaN,NaN,NaN,NaN
10.10.2023 00:00:00,26248679,NaN,NaN,NaN,NaN
11.10.2023 00:00:00,26259679,NaN,NaN,NaN,NaN
12.10.2023 00:00:00,26273718,NaN,NaN,NaN,NaN
13.10.2023 00:00:00,26292711,NaN,NaN,NaN,NaN
14.10.2023 00:00:00,26299444,NaN,NaN,NaN,NaN
15.10.2023 00:00:00,26301737,NaN,NaN,NaN,NaN
16.10.2023 00:00:00,26306172,NaN,NaN,NaN,NaN
17.10.2023 00:00:00,26323465,NaN,NaN,NaN,NaN
18.10.2023 00:00:00,26339062,NaN,NaN,NaN,NaN
19.10.2023 00:00:00,26354718,NaN,NaN,NaN,NaN
20.10.2023 00:00:00,26373348,NaN,NaN,NaN,NaN
21.10.2023 00:00:00,26387113,NaN,NaN,NaN,NaN
22.10.2023 00:00:00,26395299,NaN,NaN,NaN,NaN
23.10.2023 00:00:00,26396930,NaN,NaN,NaN,NaN
24.10.2023 00:00:00,26403954,NaN,NaN,NaN,NaN
25.10.2023 00:00:00,26416268,NaN,NaN,NaN,NaN
26.10.2023 00:00:00,26424272,NaN,NaN,NaN,NaN
27.10.2023 00:00:00,26430932,NaN,NaN,NaN,NaN
28.10.2023 00:00:00,26433093,NaN,NaN,NaN,NaN
29.10.2023 00:00:00,26439513,NaN,NaN,NaN,NaN
30.10.2023 00:00:00,26444954,NaN,NaN,NaN,NaN
31.10.2023 00:00:00,26455490,NaN,NaN,NaN,NaN
01.11.2023 00:00:00,26461653,NaN,NaN,NaN,NaN
02.11.2023 00:00:00,26466072,NaN,NaN,NaN,NaN
03.11.2023 00:00:00,26473482,NaN,NaN,NaN,NaN
04.11.2023 00:00:00,26479204,NaN,NaN,NaN,NaN
05.11.2023 00:00:00,26482006,NaN,NaN,NaN,NaN
06.11.2023 00:00:00,26492322,NaN,NaN,NaN,NaN
07.11.2023 00:00:00,26496149,NaN,NaN,NaN,NaN
08.11.2023 00:00:00,26500166,NaN,NaN,NaN,NaN
09.11.2023 00:00:00,26510319,NaN,NaN,NaN,NaN
10.11.2023 00:00:00,26521190,NaN,NaN,NaN,NaN
11.11.2023 00:00:00,26526490,NaN,NaN,NaN,NaN
12.11.2023 00:00:00,26533788,NaN,NaN,NaN,NaN
13.11.2023 00:00:00,26538573,NaN,NaN,NaN,NaN
14.11.2023 00:00:00,26538878,NaN,NaN,NaN,NaN
15.11.2023 00:00:00,26541328,NaN,NaN,NaN,NaN
16.11.2023 00:00:00,26543066,NaN,NaN,NaN,NaN
17.11.2023 00:00:00,26546427,NaN,NaN,NaN,NaN
18.11.2023 00:00:00,26551467,NaN,NaN,NaN,NaN
19.11.2023 00:00:00,26552800,NaN,NaN,NaN,NaN
20.11.2023 00:00:00,26558036,NaN,NaN,NaN,NaN
21.11.2023 00:00:00,26558834,NaN,NaN,NaN,NaN
22.11.2023 00:00:00,26564906,NaN,NaN,NaN,NaN
23.11.2023 00:00:00,26571026,NaN,NaN,NaN,NaN
24.11.2023 00:00:00,26572721,NaN,NaN,NaN,NaN
25.11.2023 00:00:00,26577454,NaN,NaN,NaN,NaN
26.11.2023 00:00:00,26581886,NaN,NaN,NaN,NaN
27.11.2023 00:00:00,26586906,NaN,NaN,NaN,NaN
28.11.2023 00:00:00,26592879,NaN,NaN,NaN,NaN
29.11.2023 00:00:00,26594711,NaN,NaN,NaN,NaN
30.11.2023 00:00:00,26595487,NaN,NaN,NaN,NaN
01.12.2023 00:00:00,26601859,NaN,NaN,NaN,NaN
02.12.2023 00:00:00,26605107,NaN,NaN,NaN,NaN
03.12.2023 00:00:00,26607403,NaN,NaN,NaN,NaN
04.12.2023 00:00:00,26611269,NaN,NaN,NaN,NaN
05.12.2023 00:00:00,26615656,NaN,NaN,NaN,NaN
06.12.2023 00:00:00,26618238,NaN,NaN,NaN,NaN
07.12.2023 00:00:00,26619796,NaN,NaN,NaN,NaN
08.12.2023 00:00:00,26620661,NaN,NaN,NaN,NaN
09.12.2023 00:00:00,26625340,NaN,NaN,NaN,NaN
10.12.2023 00:00:00,26628651,NaN,NaN,NaN,NaN
11.12.2023 00:00:00,26630097,NaN,NaN,NaN,NaN
12.12.2023 00:00:00,26630854,NaN,NaN,NaN,NaN
13.12.2023 00:00:00,26634271,NaN,NaN,NaN,NaN
14.12.2023 00:00:00,26635618,NaN,NaN,NaN,NaN
15.12.2023 00:00:00,26637355,NaN,NaN,NaN,NaN
16.12.2023 00:00:00,26639277,NaN,NaN,NaN,NaN
17.12.2023 00:00:00,26642367,NaN,NaN,NaN,NaN
18.12.2023 00:00:00,26643876,NaN,NaN,NaN,NaN
19.12.2023 00:00:00,26644807,NaN,NaN,NaN,NaN
20.12.2023 00:00:00,26649035,NaN,NaN,NaN,NaN
21.12.2023 00:00:00,26651425,NaN,NaN,NaN,NaN
22.12.2023 00:00:00,26651774,NaN,NaN,NaN,NaN
23.12.2023 00:00:00,26653966,NaN,NaN,NaN,NaN
24.12.2023 00:00:00,26655360,NaN,NaN,NaN,NaN
25.12.2023 00:00:00,26656762,NaN,NaN,NaN,NaN
26.12.2023 00:00:00,26658680,NaN,NaN,NaN,NaN
27.12.2023 00:00:00,26659082,NaN,NaN,NaN,NaN
28.12.2023 00:00:00,26660466,NaN,NaN,NaN,NaN
29.12.2023 00:00:00,26663030,NaN,NaN,NaN,NaN
30.12.2023 00:00:00,26664079,NaN,NaN,NaN,NaN
31.12.2023 00:00:00,26666994,NaN,NaN,NaN,NaN
01.01.2024 00:00:00,26669093,NaN,NaN,NaN,NaN
02.01.2024 00:00:00,26672561,NaN,NaN,NaN,NaN
03.01.2024 00:00:00,26674724,NaN,NaN,NaN,NaN
04.01.2024 00:00:00,26677684,NaN,NaN,NaN,NaN
05.01.2024 00:00:00,26678360,NaN,NaN,NaN,NaN
06.01.2024 00:00:00,26680317,NaN,NaN,NaN,NaN
07.01.2024 00:00:00,26682824,NaN,NaN,NaN,NaN
08.01.2024 00:00:00,26683444,NaN,NaN,NaN,NaN
09.01.2024 00:00:00,26684167,NaN,NaN,NaN,NaN
10.01.2024 00:00:00,26686789,NaN,NaN,NaN,NaN
11.01.2024 00:00:00,26690152,NaN,NaN,NaN,NaN
12.01.2024 00:00:00,26696572,NaN,NaN,NaN,NaN
13.01.2024 00:00:00,26702689,NaN,NaN,NaN,NaN
14.01.2024 00:00:00,26706274,NaN,NaN,NaN,NaN
15.01.2024 00:00:00,26707820,NaN,NaN,NaN,NaN
16.01.2024 00:00:00,26708323,NaN,NaN,NaN,NaN
17.01.2024 00:00:00,26709957,NaN,NaN,NaN,NaN
18.01.2024 00:00:00,26712355,NaN,NaN,NaN,NaN
19.01.2024 00:00:00,26715636,NaN,NaN,NaN,NaN
20.01.2024 00:00:00,26717662,NaN,NaN,NaN,NaN
21.01.2024 00:00:00,26723271,NaN,NaN,NaN,NaN
22.01.2024 00:00:00,26729555,NaN,NaN,NaN,NaN
23.01.2024 00:00:00,26735922,NaN,NaN,NaN,NaN
24.01.2024 00:00:00,26737905,NaN,NaN,NaN,NaN
25.01.2024 00:00:00,26743916,NaN,NaN,NaN,NaN
26.01.2024 00:00:00,26748389,NaN,NaN,NaN,NaN
27.01.2024 00:00:00,26753179,NaN,NaN,NaN,NaN
28.01.2024 00:00:00,26755711,NaN,NaN,NaN,NaN
29.01.2024 00:00:00,26763309,NaN,NaN,NaN,NaN
30.01.2024 00:00:00,26770837,NaN,NaN,NaN,NaN
31.01.2024 00:00:00,26778953,NaN,NaN,NaN,NaN
01.02.2024 00:00:00,26786450,NaN,NaN,NaN,NaN
02.02.2024 00:00:00,26788966,NaN,NaN,NaN,NaN
03.02.2024 00:00:00,26792156,NaN,NaN,NaN,NaN
04.02.2024 00:00:00,26801284,NaN,NaN,NaN,NaN
05.02.2024 00:00:00,26804148,NaN,NaN,NaN,NaN
06.02.2024 00:00:00,26807270,NaN,NaN,NaN,NaN
07.02.2024 00:00:00,26810361,NaN,NaN,NaN,NaN
08.02.2024 00:00:00,26812963,NaN,NaN,NaN,NaN
09.02.2024 00:00:00,26816397,NaN,NaN,NaN,NaN
10.02.2024 00:00:00,26822327,NaN,NaN,NaN,NaN
11.02.2024 00:00:00,26823983,NaN,NaN,NaN,NaN
12.02.2024 00:00:00,26828852,NaN,NaN,NaN,NaN
13.02.2024 00:00:00,26834265,NaN,NaN,NaN,NaN
14.02.2024 00:00:00,26838532,NaN,NaN,NaN,NaN
15.02.2024 00:00:00,26847976,NaN,NaN,NaN,NaN
16.02.2024 00:00:00,26856312,NaN,NaN,NaN,NaN
17.02.2024 00:00:00,26858261,NaN,NaN,NaN,NaN
18.02.2024 00:00:00,26865167,NaN,NaN,NaN,NaN
19.02.2024 00:00:00,26869240,NaN,NaN,NaN,NaN
20.02.2024 00:00:00,26874874,NaN,NaN,NaN,NaN
21.02.2024 00:00:00,26876872,NaN,NaN,NaN,NaN
22.02.2024 00:00:00,26880305,NaN,NaN,NaN,NaN
23.02.2024 00:00:00,26888426,NaN,NaN,NaN,NaN
24.02.2024 00:00:00,26891975,NaN,NaN,NaN,NaN
25.02.2024 00:00:00,26896489,NaN,NaN,NaN,NaN
26.02.2024 00:00:00,26904024,NaN,NaN,NaN,NaN
27.02.2024 00:00:00,26910471,NaN,NaN,NaN,NaN
28.02.2024 00:00:00,26920197,NaN,NaN,NaN,NaN
29.02.2024 00:00:00,26924026,NaN,NaN,NaN,NaN
01.03.2024 00:00:00,26939842,NaN,NaN,NaN,NaN
02.03.2024 00:00:00,26946664,NaN,NaN,NaN,NaN
03.03.2024 00:00:00,26949256,NaN,NaN,NaN,NaN
04.03.2024 00:00:00,26957620,NaN,NaN,NaN,NaN
05.03.2024 00:00:00,26971923,NaN,NaN,NaN,NaN
06.03.2024 00:00:00,26980854,NaN,NaN,NaN,NaN
07.03.2024 00:00:00,26994820,NaN,NaN,NaN,NaN
08.03.2024 00:00:00,26999055,NaN,NaN,NaN,NaN
09.03.2024 00:00:00,27015701,NaN,NaN,NaN,NaN
10.03.2024 00:00:00,27034089,NaN,NaN,NaN,NaN
11.03.2024 00:00:00,27053835,NaN,NaN,NaN,NaN
12.03.2024 00:00:00,27070841,NaN,NaN,NaN,NaN
13.03.2024 00:00:00,27077908,NaN,NaN,NaN,NaN
14.03.2024 00:00:00,27081098,NaN,NaN,NaN,NaN
15.03.2024 00:00:00,27088937,NaN,NaN,NaN,NaN
16.03.2024 00:00:00,27093569,NaN,NaN,NaN,NaN
17.03.2024 00:00:00,27113058,NaN,NaN,NaN,NaN
18.03.2024 00:00:00,27126097,NaN,NaN,NaN,NaN
19.03.2024 00:00:00,27135041,NaN,NaN,NaN,NaN
20.03.2024 00:00:00,27143881,NaN,NaN,NaN,NaN
21.03.2024 00:00:00,27160982,NaN,NaN,NaN,NaN
22.03.2024 00:00:00,27176864,NaN,NaN,NaN,NaN
23.03.2024 00:00:00,27193430,NaN,NaN,NaN,NaN
24.03.2024 00:00:00,27200368,NaN,NaN,NaN,NaN
25.03.2024 00:00:00,27203827,NaN,NaN,NaN,NaN
26.03.2024 00:00:00,27221466,NaN,NaN,NaN,NaN
27.03.2024 00:00:00,27231556,NaN,NaN,NaN,NaN
28.03.2024 00:00:00,27253576,NaN,NaN,NaN,NaN
29.03.2024 00:00:00,27265956,NaN,NaN,NaN,NaN
30.03.2024 00:00:00,27282623,NaN,NaN,NaN,NaN
31.03.2024 00:00:00,27296899,NaN,NaN,NaN,NaN
01.04.2024 00:00:00,27315628,NaN,NaN,NaN,NaN
02.04.2024 00:00:00,27319966,NaN,NaN,NaN,NaN
03.04.2024 00:00:00,27346221,NaN,NaN,NaN,NaN
04.04.2024 00:00:00,27356272,NaN,NaN,NaN,NaN
05.04.2024 00:00:00,27367045,NaN,NaN,NaN,NaN
06.04.2024 00:00:00,27385360,NaN,NaN,NaN,NaN
07.04.2024 00:00:00,27398852,NaN,NaN,NaN,NaN
08.04.2024 00:00:00,27420107,NaN,NaN,NaN,NaN
09.04.2024 00:00:00,27447445,NaN,NaN,NaN,NaN
10.04.2024 00:00:00,27465758,NaN,NaN,NaN,NaN
11.04.2024 00:00:00,27478370,NaN,NaN,NaN,NaN
12.04.2024 00:00:00,27508410,NaN,NaN,NaN,NaN
13.04.2024 00:00:00,27516188,NaN,NaN,NaN,NaN
14.04.2024 00:00:00,27541368,NaN,NaN,NaN,NaN
15.04.2024 00:00:00,27566614,NaN,NaN,NaN,NaN
16.04.2024 00:00:00,27589832,NaN,NaN,NaN,NaN
17.04.2024 00:00:00,27601858,NaN,NaN,NaN,NaN
18.04.2024 00:00:00,27613494,NaN,NaN,NaN,NaN
19.04.2024 00:00:00,27632208,NaN,NaN,NaN,NaN
20.04.2024 00:00:00,27654902,NaN,NaN,NaN,NaN
21.04.2024 00:00:00,27673136,NaN,NaN,NaN,NaN
22.04.2024 00:00:00,27696855,NaN,NaN,NaN,NaN
23.04.2024 00:00:00,27723948,NaN,NaN,NaN,NaN
24.04.2024 00:00:00,27743368,NaN,NaN,NaN,NaN
25.04.2024 00:00:00,27771262,NaN,NaN,NaN,NaN
26.04.2024 00:00:00,27794506,NaN,NaN,NaN,NaN
27.04.2024 00:00:00,27808486,NaN,NaN,NaN,NaN
28.04.2024 00:00:00,27837324,NaN,NaN,NaN,NaN
29.04.2024 00:00:00,27855814,NaN,NaN,NaN,NaN
30.04.2024 00:00:00,27868660,NaN,NaN,NaN,NaN
01.05.2024 00:00:00,27899408,NaN,NaN,NaN,NaN
02.05.2024 00:00:00,27924857,NaN,NaN,NaN,NaN
03.05.2024 00:00:00,27956892,NaN,NaN,NaN,NaN
04.05.2024 00:00:00,27988031,NaN,NaN,NaN,NaN
05.05.2024 00:00:00,27995194,NaN,NaN,NaN,NaN
06.05.2024 00:00:00,28017211,NaN,NaN,NaN,NaN
07.05.2024 00:00:00,28049343,NaN,NaN,NaN,NaN
08.05.2024 00:00:00,28069673,NaN,NaN,NaN,NaN
09.05.2024 00:00:00,28099772,NaN,NaN,NaN,NaN
10.05.2024 00:00:00,28110236,NaN,NaN,NaN,NaN
11.05.2024 00:00:00,28139508,NaN,NaN,NaN,NaN
12.05.2024 00:00:00,28170088,NaN,NaN,NaN,NaN
13.05.2024 00:00:00,28202951,NaN,NaN,NaN,NaN
14.05.2024 00:00:00,28236788,NaN,NaN,NaN,NaN
15.05.2024 00:00:00,28261250,NaN,NaN,NaN,NaN
16.05.2024 00:00:00,28295279,NaN,NaN,NaN,NaN
17.05.2024 00:00:00,28305928,NaN,NaN,NaN,NaN
18.05.2024 00:00:00,28323560,NaN,NaN,NaN,NaN
19.05.2024 00:00:00,28345528,NaN,NaN,NaN,NaN
20.05.2024 00:00:00,28376481,NaN,NaN,NaN,NaN
21.05.2024 00:00:00,28398103,NaN,NaN,NaN,NaN
22.05.2024 00:00:00,28417798,NaN,NaN,NaN,NaN
23.05.2024 00:00:00,28441290,NaN,NaN,NaN,NaN
24.05.2024 00:00:00,28460077,NaN,NaN,NaN,NaN
25.05.2024 00:00:00,28480433,NaN,NaN,NaN,NaN
26.05.2024 00:00:00,28493381,NaN,NaN,NaN,NaN
27.05.2024 00:00:00,28511680,NaN,NaN,NaN,NaN
28.05.2024 00:00:00,28530480,NaN,NaN,NaN,NaN
29.05.2024 00:00:00,28555603,NaN,NaN,NaN,NaN
30.05.2024 00:00:00,28580505,NaN,NaN,NaN,NaN
31.05.2024 00:00:00,28603077,NaN,NaN,NaN,NaN
01.06.2024 00:00:00,28623985,NaN,NaN,NaN,NaN
02.06.2024 00:00:00,28643187,NaN,NaN,NaN,NaN
03.06.2024 00:00:00,28651187,NaN,NaN,NaN,NaN
04.06.2024 00:00:00,28676849,NaN,NaN,NaN,NaN
05.06.2024 00:00:00,28699170,NaN,NaN,NaN,NaN
06.06.2024 00:00:00,28720846,NaN,NaN,NaN,NaN
07.06.2024 00:00:00,28760366,NaN,NaN,NaN,NaN
08.06.2024 00:00:00,28789050,NaN,NaN,NaN,NaN
09.06.2024 00:00:00,28822914,NaN,NaN,NaN,NaN
10.06.2024 00:00:00,28849956,NaN,NaN,NaN,NaN
11.06.2024 00:00:00,28884263,NaN,NaN,NaN,NaN
12.06.2024 00:00:00,28903113,NaN,NaN,NaN,NaN
13.06.2024 00:00:00,28929899,NaN,NaN,NaN,NaN
14.06.2024 00:00:00,28954911,NaN,NaN,NaN,NaN
15.06.2024 00:00:00,28986791,NaN,NaN,NaN,NaN
16.06.2024 00:00:00,29001415,NaN,NaN,NaN,NaN
17.06.2024 00:00:00,29020821,NaN,NaN,NaN,NaN
18.06.2024 00:00:00,29042773,NaN,NaN,NaN,NaN
19.06.2024 00:00:00,29080632,NaN,NaN,NaN,NaN
20.06.2024 00:00:00,29090141,NaN,NaN,NaN,NaN
21.06.2024 00:00:00,29121063,NaN,NaN,NaN,NaN
22.06.2024 00:00:00,29144926,NaN,NaN,NaN,NaN
23.06.2024 00:00:00,29153239,NaN,NaN,NaN,NaN
24.06.2024 00:00:00,29176249,NaN,NaN,NaN,NaN
25.06.2024 00:00:00,29215772,NaN,NaN,NaN,NaN
26.06.2024 00:00:00,29252670,NaN,NaN,NaN,NaN
27.06.2024 00:00:00,29289916,NaN,NaN,NaN,NaN
28.06.2024 00:00:00,29327210,NaN,NaN,NaN,NaN
29.06.2024 00:00:00,29362434,NaN,NaN,NaN,NaN
30.06.2024 00:00:00,29395170,NaN,NaN,NaN,NaN
01.07.2024 00:00:00,29427906,NaN,NaN,NaN,NaN
02.07.2024 00:00:00,29451879,NaN,NaN,NaN,NaN
03.07.2024 00:00:00,29481161,NaN,NaN,NaN,NaN
04.07.2024 00:00:00,29500633,NaN,NaN,NaN,NaN
05.07.2024 00:00:00,29515829,NaN,NaN,NaN,NaN
06.07.2024 00:00:00,29552253,NaN,NaN,NaN,NaN
07.07.2024 00:00:00,29563706,NaN,NaN,NaN,NaN
08.07.2024 00:00:00,29589668,NaN,NaN,NaN,NaN
09.07.2024 00:00:00,29613519,NaN,NaN,NaN,NaN
10.07.2024 00:00:00,29642502,NaN,NaN,NaN,NaN
11.07.2024 00:00:00,29663982,NaN,NaN,NaN,NaN
12.07.2024 00:00:00,29691165,NaN,NaN,NaN,NaN
13.07.2024 00:00:00,29717699,NaN,NaN,NaN,NaN
14.07.2024 00:00:00,29726044,NaN,NaN,NaN,NaN
15.07.2024 00:00:00,29743527,NaN,NaN,NaN,NaN
16.07.2024 00:00:00,29777192,NaN,NaN,NaN,NaN
17.07.2024 00:00:00,29806759,NaN,NaN,NaN,NaN
18.07.2024 00:00:00,29828565,NaN,NaN,NaN,NaN
19.07.2024 00:00:00,29859307,NaN,NaN,NaN,NaN
20.07.2024 00:00:00,29890219,NaN,NaN,NaN,NaN
21.07.2024 00:00:00,29912656,NaN,NaN,NaN,NaN
22.07.2024 00:00:00,29944163,NaN,NaN,NaN,NaN
23.07.2024 00:00:00,29959637,NaN,NaN,NaN,NaN
24.07.2024 00:00:00,29986340,NaN,NaN,NaN,NaN
25.07.2024 00:00:00,30001246,NaN,NaN,NaN,NaN
26.07.2024 00:00:00,30032881,NaN,NaN,NaN,NaN
27.07.2024 00:00:00,30048825,NaN,NaN,NaN,NaN
28.07.2024 00:00:00,30076149,NaN,NaN,NaN,NaN
29.07.2024 00:00:00,30104882,NaN,NaN,NaN,NaN
30.07.2024 00:00:00,30140383,NaN,NaN,NaN,NaN
31.07.2024 00:00:00,30175687,NaN,NaN,NaN,NaN
01.08.2024 00:00:00,30207753,NaN,NaN,NaN,NaN
02.08.2024 00:00:00,30228135,NaN,NaN,NaN,NaN
03.08.2024 00:00:00,30239216,NaN,NaN,NaN,NaN
04.08.2024 00:00:00,30264194,NaN,NaN,NaN,NaN
05.08.2024 00:00:00,30285455,NaN,NaN,NaN,NaN
06.08.2024 00:00:00,30304268,NaN,NaN,NaN,NaN
07.08.2024 00:00:00,30336954,NaN,NaN,NaN,NaN
08.08.2024 00:00:00,30369062,NaN,NaN,NaN,NaN
09.08.2024 00:00:00,30396592,NaN,NaN,NaN,NaN
10.08.2024 00:00:00,30425990,NaN,NaN,NaN,NaN
11.08.2024 00:00:00,30444152,NaN,NaN,NaN,NaN
12.08.2024 00:00:00,30475394,NaN,NaN,NaN,NaN
13.08.2024 00:00:00,30507327,NaN,NaN,NaN,NaN
14.08.2024 00:00:00,30538699,NaN,NaN,NaN,NaN
15.08.2024 00:00:00,30560819,NaN,NaN,NaN,NaN
16.08.2024 00:00:00,30572631,NaN,NaN,NaN,NaN
17.08.2024 00:00:00,30598450,NaN,NaN,NaN,NaN
18.08.2024 00:00:00,30608151,NaN,NaN,NaN,NaN
19.08.2024 00:00:00,30638577,NaN,NaN,NaN,NaN
20.08.2024 00:00:00,30658652,NaN,NaN,NaN,NaN
21.08.2024 00:00:00,30685728,NaN,NaN,NaN,NaN
22.08.2024 00:00:00,30697858,NaN,NaN,NaN,NaN
23.08.2024 00:00:00,30723087,NaN,NaN,NaN,NaN
24.08.2024 00:00:00,30745281,NaN,NaN,NaN,NaN
25.08.2024 00:00:00,30764310,NaN,NaN,NaN,NaN
26.08.2024 00:00:00,30777863,NaN,NaN,NaN,NaN
27.08.2024 00:00:00,30801538,NaN,NaN,NaN,NaN
28.08.2024 00:00:00,30824029,NaN,NaN,NaN,NaN
29.08.2024 00:00:00,30852994,NaN,NaN,NaN,NaN
30.08.2024 00:00:00,30880861,NaN,NaN,NaN,NaN
31.08.2024 00:00:00,30904686,NaN,NaN,NaN,NaN
01.09.2024 00:00:00,30927919,NaN,NaN,NaN,NaN
02.09.2024 00:00:00,30953523,NaN,NaN,NaN,NaN
03.09.2024 00:00:00,30977161,NaN,NaN,NaN,NaN
04.09.2024 00:00:00,30999715,NaN,NaN,NaN,NaN
05.09.2024 00:00:00,31011327,NaN,NaN,NaN,NaN
06.09.2024 00:00:00,31024900,NaN,NaN,NaN,NaN
07.09.2024 00:00:00,31041498,NaN,NaN,NaN,NaN
08.09.2024 00:00:00,31051434,NaN,NaN,NaN,NaN
09.09.2024 00:00:00,31072937,NaN,NaN,NaN,NaN
10.09.2024 00:00:00,31094537,NaN,NaN,NaN,NaN
11.09.2024 00:00:00,31111320,NaN,NaN,NaN,NaN
12.09.2024 00:00:00,31118620,NaN,NaN,NaN,NaN
13.09.2024 00:00:00,31137652,NaN,NaN,NaN,NaN
14.09.2024 00:00:00,31155637,NaN,NaN,NaN,NaN
15.09.2024 00:00:00,31171105,NaN,NaN,NaN,NaN
16.09.2024 00:00:00,31191017,NaN,NaN,NaN,NaN
17.09.2024 00:00:00,31205661,NaN,NaN,NaN,NaN
18.09.2024 00:00:00,31220552,NaN,NaN,NaN,NaN
19.09.2024 00:00:00,31236369,NaN,NaN,NaN,NaN
20.09.2024 00:00:00,31253526,NaN,NaN,NaN,NaN
21.09.2024 00:00:00,31274867,NaN,NaN,NaN,NaN
22.09.2024 00:00:00,31296389,NaN,NaN,NaN,NaN
23.09.2024 00:00:00,31317166,NaN,NaN,NaN,NaN
24.09.2024 00:00:00,31328294,NaN,NaN,NaN,NaN
25.09.2024 00:00:00,31340663,NaN,NaN,NaN,NaN
26.09.2024 00:00:00,31351463,NaN,NaN,NaN,NaN
27.09.2024 00:00:00,31363009,NaN,NaN,NaN,NaN
28.09.2024 00:00:00,31375749,NaN,NaN,NaN,NaN
29.09.2024 00:00:00,31381209,NaN,NaN,NaN,NaN
30.09.2024 00:00:00,31396504,NaN,NaN,NaN,NaN
01.10.2024 00:00:00,31409676,NaN,NaN,NaN,NaN
02.10.2024 00:00:00,31413230,NaN,NaN,NaN,NaN
03.10.2024 00:00:00,31417209,NaN,NaN,NaN,NaN
04.10.2024 00:00:00,31421898,NaN,NaN,NaN,NaN
05.10.2024 00:00:00,31440803,NaN,NaN,NaN,NaN
06.10.2024 00:00:00,31459218,NaN,NaN,NaN,NaN
07.10.2024 00:00:00,31477392,NaN,NaN,NaN,NaN
08.10.2024 00:00:00,31492321,NaN,NaN,NaN,NaN
09.10.2024 00:00:00,31507433,NaN,NaN,NaN,NaN
10.10.2024 00:00:00,31519668,NaN,NaN,NaN,NaN
11.10.2024 00:00:00,31523473,NaN,NaN,NaN,NaN
12.10.2024 00:00:00,31531440,NaN,NaN,NaN,NaN
13.10.2024 00:00:00,31542887,NaN,NaN,NaN,NaN
14.10.2024 00:00:00,31549784,NaN,NaN,NaN,NaN
15.10.2024 00:00:00,31558795,NaN,NaN,NaN,NaN
16.10.2024 00:00:00,31564785,NaN,NaN,NaN,NaN
17.10.2024 00:00:00,31575297,NaN,NaN,NaN,NaN
18.10.2024 00:00:00,31586075,NaN,NaN,NaN,NaN
19.10.2024 00:00:00,31596041,NaN,NaN,NaN,NaN
20.10.2024 00:00:00,31603439,NaN,NaN,NaN,NaN
21.10.2024 00:00:00,31608940,NaN,NaN,NaN,NaN
22.10.2024 00:00:00,31615719,NaN,NaN,NaN,NaN
23.10.2024 00:00:00,31620063,NaN,NaN,NaN,NaN
24.10.2024 00:00:00,31632456,NaN,NaN,NaN,NaN
25.10.2024 00:00:00,31642740,NaN,NaN,NaN,NaN
26.10.2024 00:00:00,31655442,NaN,NaN,NaN,NaN
27.10.2024 00:00:00,31666176,NaN,NaN,NaN,NaN
28.10.2024 00:00:00,31677209,NaN,NaN,NaN,NaN
29.10.2024 00:00:00,31687520,NaN,NaN,NaN,NaN
30.10.2024 00:00:00,31691791,NaN,NaN,NaN,NaN
31.10.2024 00:00:00,31693336,NaN,NaN,NaN,NaN
01.11.2024 00:00:00,31695938,NaN,NaN,NaN,NaN
02.11.2024 00:00:00,31700301,NaN,NaN,NaN,NaN
03.11.2024 00:00:00,31701896,NaN,NaN,NaN,NaN
04.11.2024 00:00:00,31705976,NaN,NaN,NaN,NaN
05.11.2024 00:00:00,31710908,NaN,NaN,NaN,NaN
06.11.2024 00:00:00,31719503,NaN,NaN,NaN,NaN
07.11.2024 00:00:00,31725689,NaN,NaN,NaN,NaN
08.11.2024 00:00:00,31729392,NaN,NaN,NaN,NaN
09.11.2024 00:00:00,31730820,NaN,NaN,NaN,NaN
10.11.2024 00:00:00,31732208,NaN,NaN,NaN,NaN
11.11.2024 00:00:00,31733788,NaN,NaN,NaN,NaN
12.11.2024 00:00:00,31736617,NaN,NaN,NaN,NaN
13.11.2024 00:00:00,31743385,NaN,NaN,NaN,NaN
14.11.2024 00:00:00,31746977,NaN,NaN,NaN,NaN
15.11.2024 00:00:00,31750663,NaN,NaN,NaN,NaN
16.11.2024 00:00:00,31753651,NaN,NaN,NaN,NaN
17.11.2024 00:00:00,31755323,NaN,NaN,NaN,NaN
18.11.2024 00:00:00,31757676,NaN,NaN,NaN,NaN
19.11.2024 00:00:00,31765579,NaN,NaN,NaN,NaN
20.11.2024 00:00:00,31771618,NaN,NaN,NaN,NaN
21.11.2024 00:00:00,31773102,NaN,NaN,NaN,NaN
22.11.2024 00:00:00,31775307,NaN,NaN,NaN,NaN
23.11.2024 00:00:00,31779186,NaN,NaN,NaN,NaN
24.11.2024 00:00:00,31782695,NaN,NaN,NaN,NaN
25.11.2024 00:00:00,31784358,NaN,NaN,NaN,NaN
26.11.2024 00:00:00,31789349,NaN,NaN,NaN,NaN
27.11.2024 00:00:00,31790294,NaN,NaN,NaN,NaN
28.11.2024 00:00:00,31794166,NaN,NaN,NaN,NaN
29.11.2024 00:00:00,31794747,NaN,NaN,NaN,NaN
30.11.2024 00:00:00,31800143,NaN,NaN,NaN,NaN
01.12.2024 00:00:00,31806265,NaN,NaN,NaN,NaN
02.12.2024 00:00:00,31810631,NaN,NaN,NaN,NaN
03.12.2024 00:00:00,31815415,NaN,NaN,NaN,NaN
04.12.2024 00:00:00,31817987,NaN,NaN,NaN,NaN
05.12.2024 00:00:00,31822404,NaN,NaN,NaN,NaN
06.12.2024 00:00:00,31824423,NaN,NaN,NaN,NaN
07.12.2024 00:00:00,31824894,NaN,NaN,NaN,NaN
08.12.2024 00:00:00,31827365,NaN,NaN,NaN,NaN
09.12.2024 00:00:00,31829567,NaN,NaN,NaN,NaN
10.12.2024 00:00:00,31830978,NaN,NaN,NaN,NaN
11.12.2024 00:00:00,31832088,NaN,NaN,NaN,NaN
12.12.2024 00:00:00,31832568,NaN,NaN,NaN,NaN
13.12.2024 00:00:00,31832946,NaN,NaN,NaN,NaN
14.12.2024 00:00:00,31834080,NaN,NaN,NaN,NaN
15.12.2024 00:00:00,31834657,NaN,NaN,NaN,NaN
16.12.2024 00:00:00,31836171,NaN,NaN,NaN,NaN
17.12.2024 00:00:00,31837176,NaN,NaN,NaN,NaN
18.12.2024 00:00:00,31838201,NaN,NaN,NaN,NaN
19.12.2024 00:00:00,31840528,NaN,NaN,NaN,NaN
20.12.2024 00:00:00,31841536,NaN,NaN,NaN,NaN
21.12.2024 00:00:00,31842323,NaN,NaN,NaN,NaN
22.12.2024 00:00:00,31846281,NaN,NaN,NaN,NaN
23.12.2024 00:00:00,31847263,NaN,NaN,NaN,NaN
24.12.2024 00:00:00,31850493,NaN,NaN,NaN,NaN
25.12.2024 00:00:00,31853760,NaN,NaN,NaN,NaN
26.12.2024 00:00:00,31854556,NaN,NaN,NaN,NaN
27.12.2024 00:00:00,31855331,NaN,NaN,NaN,NaN
28.12.2024 00:00:00,31856261,NaN,NaN,NaN,NaN
29.12.2024 00:00:00,31857462,NaN,NaN,NaN,NaN
30.12.2024 00:00:00,31859416,NaN,NaN,NaN,NaN
31.12.2024 00:00:00,31859964,NaN,NaN,NaN,NaN
01.01.2025 00:00:00,31860899,NaN,NaN,NaN,NaN
02.01.2025 00:00:00,31862496,NaN,NaN,NaN,NaN
03.01.2025 00:00:00,31863156,NaN,NaN,NaN,NaN
04.01.2025 00:00:00,31866537,NaN,NaN,NaN,NaN
05.01.2025 00:00:00,31869021,NaN,NaN,NaN,NaN
06.01.2025 00:00:00,31871768,NaN,NaN,NaN,NaN
07.01.2025 00:00:00,31871984,NaN,NaN,NaN,NaN
08.01.2025 00:00:00,31873373,NaN,NaN,NaN,NaN
09.01.2025 00:00:00,31873480,NaN,NaN,NaN,NaN
10.01.2025 00:00:00,31877098,NaN,NaN,NaN,NaN
11.01.2025 00:00:00,31880480,NaN,NaN,NaN,NaN
12.01.2025 00:00:00,31886911,NaN,NaN,NaN,NaN
13.01.2025 00:00:00,31892924,NaN,NaN,NaN,NaN
14.01.2025 00:00:00,31897944,NaN,NaN,NaN,NaN
15.01.2025 00:00:00,31904777,NaN,NaN,NaN,NaN
16.01.2025 00:00:00,31908555,NaN,NaN,NaN,NaN
17.01.2025 00:00:00,31910331,NaN,NaN,NaN,NaN
18.01.2025 00:00:00,31911804,NaN,NaN,NaN,NaN
19.01.2025 00:00:00,31912914,NaN,NaN,NaN,NaN
20.01.2025 00:00:00,31914649,NaN,NaN,NaN,NaN
21.01.2025 00:00:00,31915640,NaN,NaN,NaN,NaN
22.01.2025 00:00:00,31916550,NaN,NaN,NaN,NaN
23.01.2025 00:00:00,31918348,NaN,NaN,NaN,NaN
24.01.2025 00:00:00,31919673,NaN,NaN,NaN,NaN
25.01.2025 00:00:00,31923266,NaN,NaN,NaN,NaN
26.01.2025 00:00:00,31924346,NaN,NaN,NaN,NaN
27.01.2025 00:00:00,31927699,NaN,NaN,NaN,NaN
28.01.2025 00:00:00,31934637,NaN,NaN,NaN,NaN
29.01.2025 00:00:00,31942308,NaN,NaN,NaN,NaN
30.01.2025 00:00:00,31944660,NaN,NaN,NaN,NaN
31.01.2025 00:00:00,31949347,NaN,NaN,NaN,NaN
01.02.2025 00:00:00,31952359,NaN,NaN,NaN,NaN
02.02.2025 00:00:00,31957216,NaN,NaN,NaN,NaN
03.02.2025 00:00:00,31967024,NaN,NaN,NaN,NaN
04.02.2025 00:00:00,31977308,NaN,NaN,NaN,NaN
05.02.2025 00:00:00,31987454,NaN,NaN,NaN,NaN
06.02.2025 00:00:00,31990679,NaN,NaN,NaN,NaN
07.02.2025 00:00:00,31994457,NaN,NaN,NaN,NaN
08.02.2025 00:00:00,31999422,NaN,NaN,NaN,NaN
09.02.2025 00:00:00,32002617,NaN,NaN,NaN,NaN
10.02.2025 00:00:00,32008145,NaN,NaN,NaN,NaN
11.02.2025 00:00:00,32013215,NaN,NaN,NaN,NaN
12.02.2025 00:00:00,32015782,NaN,NaN,NaN,NaN
13.02.2025 00:00:00,32017071,NaN,NaN,NaN,NaN
14.02.2025 00:00:00,32019926,NaN,NaN,NaN,NaN
15.02.2025 00:00:00,32024870,NaN,NaN,NaN,NaN
16.02.2025 00:00:00,32037579,NaN,NaN,NaN,NaN
17.02.2025 00:00:00,32043208,NaN,NaN,NaN,NaN
18.02.2025 00:00:00,32056364,NaN,NaN,NaN,NaN
19.02.2025 00:00:00,32070700,NaN,NaN,NaN,NaN
20.02.2025 00:00:00,32085589,NaN,NaN,NaN,NaN
21.02.2025 00:00:00,32096744,NaN,NaN,NaN,NaN
22.02.2025 00:00:00,32102263,NaN,NaN,NaN,NaN
23.02.2025 00:00:00,32113243,NaN,NaN,NaN,NaN
24.02.2025 00:00:00,32115936,NaN,NaN,NaN,NaN
25.02.2025 00:00:00,32129464,NaN,NaN,NaN,NaN
26.02.2025 00:00:00,32132861,NaN,NaN,NaN,NaN
27.02.2025 00:00:00,32138546,NaN,NaN,NaN,NaN
28.02.2025 00:00:00,32152691,NaN,NaN,NaN,NaN
01.03.2025 00:00:00,32160553,NaN,NaN,NaN,NaN
02.03.2025 00:00:00,32171208,NaN,NaN,NaN,NaN
03.03.2025 00:00:00,32182027,NaN,NaN,NaN,NaN
04.03.2025 00:00:00,32200150,NaN,NaN,NaN,NaN
05.03.2025 00:00:00,32218111,NaN,NaN,NaN,NaN
06.03.2025 00:00:00,32236585,NaN,NaN,NaN,NaN
07.03.2025 00:00:00,32255785,NaN,NaN,NaN,NaN
08.03.2025 00:00:00,32273902,NaN,NaN,NaN,NaN
09.03.2025 00:00:00,32292333,NaN,NaN,NaN,NaN
10.03.2025 00:00:00,32311100,NaN,NaN,NaN,NaN
11.03.2025 00:00:00,32328802,NaN,NaN,NaN,NaN
12.03.2025 00:00:00,32347840,NaN,NaN,NaN,NaN
13.03.2025 00:00:00,32358273,NaN,NaN,NaN,NaN
14.03.2025 00:00:00,32369924,NaN,NaN,NaN,NaN
15.03.2025 00:00:00,32379986,NaN,NaN,NaN,NaN
16.03.2025 00:00:00,32396964,NaN,NaN,NaN,NaN
17.03.2025 00:00:00,32414468,NaN,NaN,NaN,NaN
18.03.2025 00:00:00,32437401,NaN,NaN,NaN,NaN
19.03.2025 00:00:00,32457640,NaN,NaN,NaN,NaN
20.03.2025 00:00:00,32482432,NaN,NaN,NaN,NaN
21.03.2025 00:00:00,32505739,NaN,NaN,NaN,NaN
22.03.2025 00:00:00,32528264,NaN,NaN,NaN,NaN
23.03.2025 00:00:00,32549649,NaN,NaN,NaN,NaN
24.03.2025 00:00:00,32561437,NaN,NaN,NaN,NaN
25.03.2025 00:00:00,32581664,NaN,NaN,NaN,NaN
26.03.2025 00:00:00,32602076,NaN,NaN,NaN,NaN
27.03.2025 00:00:00,32616096,NaN,NaN,NaN,NaN
28.03.2025 00:00:00,32625365,NaN,NaN,NaN,NaN
29.03.2025 00:00:00,32651396,NaN,NaN,NaN,NaN
30.03.2025 00:00:00,32659033,NaN,NaN,NaN,NaN
31.03.2025 00:00:00,32685065,NaN,NaN,NaN,NaN
01.04.2025 00:00:00,32732572,NaN,NaN,NaN,NaN
02.04.2025 00:00:00,32761195,NaN,NaN,NaN,NaN
03.04.2025 00:00:00,32789095,NaN,NaN,NaN,NaN
04.04.2025 00:00:00,32816689,NaN,NaN,NaN,NaN
05.04.2025 00:00:00,32844908,NaN,NaN,NaN,NaN
06.04.2025 00:00:00,32874329,NaN,NaN,NaN,NaN
07.04.2025 00:00:00,32905145,NaN,NaN,NaN,NaN
08.04.2025 00:00:00,32935295,NaN,NaN,NaN,NaN
09.04.2025 00:00:00,32965168,NaN,NaN,NaN,NaN
10.04.2025 00:00:00,32993246,NaN,NaN,NaN,NaN
11.04.2025 00:00:00,33015900,NaN,NaN,NaN,NaN
12.04.2025 00:00:00,33045627,NaN,NaN,NaN,NaN
13.04.2025 00:00:00,33074903,NaN,NaN,NaN,NaN
14.04.2025 00:00:00,33094552,NaN,NaN,NaN,NaN
15.04.2025 00:00:00,33121439,NaN,NaN,NaN,NaN
16.04.2025 00:00:00,33136563,NaN,NaN,NaN,NaN
17.04.2025 00:00:00,33147939,NaN,NaN,NaN,NaN
18.04.2025 00:00:00,33158660,NaN,NaN,NaN,NaN
19.04.2025 00:00:00,33186924,NaN,NaN,NaN,NaN
20.04.2025 00:00:00,33218985,NaN,NaN,NaN,NaN
21.04.2025 00:00:00,33248313,NaN,NaN,NaN,NaN
22.04.2025 00:00:00,33269786,NaN,NaN,NaN,NaN
23.04.2025 00:00:00,33291797,NaN,NaN,NaN,NaN
24.04.2025 00:00:00,33303079,NaN,NaN,NaN,NaN
25.04.2025 00:00:00,33310208,NaN,NaN,NaN,NaN
26.04.2025 00:00:00,33339315,NaN,NaN,NaN,NaN
27.04.2025 00:00:00,33373431,NaN,NaN,NaN,NaN
28.04.2025 00:00:00,33407714,NaN,NaN,NaN,NaN
29.04.2025 00:00:00,33441841,NaN,NaN,NaN,NaN
30.04.2025 00:00:00,33475997,NaN,NaN,NaN,NaN
01.05.2025 00:00:00,33508578,NaN,NaN,NaN,NaN
02.05.2025 00:00:00,33541803,NaN,NaN,NaN,NaN
03.05.2025 00:00:00,33570273,NaN,NaN,NaN,NaN
04.05.2025 00:00:00,33604611,NaN,NaN,NaN,NaN
05.05.2025 00:00:00,33628425,NaN,NaN,NaN,NaN
06.05.2025 00:00:00,33655087,NaN,NaN,NaN,NaN
07.05.2025 00:00:00,33680274,NaN,NaN,NaN,NaN
08.05.2025 00:00:00,33698491,NaN,NaN,NaN,NaN
09.05.2025 00:00:00,33728734,NaN,NaN,NaN,NaN
10.05.2025 00:00:00,33766377,NaN,NaN,NaN,NaN
11.05.2025 00:00:00,33804229,NaN,NaN,NaN,NaN
12.05.2025 00:00:00,33842518,NaN,NaN,NaN,NaN
13.05.2025 00:00:00,33880622,NaN,NaN,NaN,NaN
14.05.2025 00:00:00,33920204,NaN,NaN,NaN,NaN
15.05.2025 00:00:00,33956063,NaN,NaN,NaN,NaN
16.05.2025 00:00:00,33989552,NaN,NaN,NaN,NaN
17.05.2025 00:00:00,34025128,NaN,NaN,NaN,NaN
18.05.2025 00:00:00,34062928,NaN,NaN,NaN,NaN
19.05.2025 00:00:00,34085614,NaN,NaN,NaN,NaN
20.05.2025 00:00:00,34125384,NaN,NaN,NaN,NaN
21.05.2025 00:00:00,34163997,NaN,NaN,NaN,NaN
22.05.2025 00:00:00,34193015,NaN,NaN,NaN,NaN
23.05.2025 00:00:00,34224030,NaN,NaN,NaN,NaN
24.05.2025 00:00:00,34254727,NaN,NaN,NaN,NaN
25.05.2025 00:00:00,34263785,NaN,NaN,NaN,NaN
26.05.2025 00:00:00,34286278,NaN,NaN,NaN,NaN
27.05.2025 00:00:00,34319335,NaN,NaN,NaN,NaN
28.05.2025 00:00:00,34334437,NaN,NaN,NaN,NaN
29.05.2025 00:00:00,34355253,NaN,NaN,NaN,NaN
30.05.2025 00:00:00,34373018,NaN,NaN,NaN,NaN
31.05.2025 00:00:00,34401675,NaN,NaN,NaN,NaN
01.06.2025 00:00:00,34435420,NaN,NaN,NaN,NaN
02.06.2025 00:00:00,34460684,NaN,NaN,NaN,NaN
03.06.2025 00:00:00,34498369,NaN,NaN,NaN,NaN
04.06.2025 00:00:00,34526100,NaN,NaN,NaN,NaN
05.06.2025 00:00:00,34548004,NaN,NaN,NaN,NaN
06.06.2025 00:00:00,34567735,NaN,NaN,NaN,NaN
07.06.2025 00:00:00,34592356,NaN,NaN,NaN,NaN
08.06.2025 00:00:00,34614056,NaN,NaN,NaN,NaN
09.06.2025 00:00:00,34639941,NaN,NaN,NaN,NaN
10.06.2025 00:00:00,34669964,NaN,NaN,NaN,NaN
11.06.2025 00:00:00,34685512,NaN,NaN,NaN,NaN
12.06.2025 00:00:00,34723805,NaN,NaN,NaN,NaN
13.06.2025 00:00:00,34763480,NaN,NaN,NaN,NaN
14.06.2025 00:00:00,34792552,NaN,NaN,NaN,NaN
15.06.2025 00:00:00,34811882,NaN,NaN,NaN,NaN
16.06.2025 00:00:00,34850319,NaN,NaN,NaN,NaN
17.06.2025 00:00:00,34887843,NaN,NaN,NaN,NaN
18.06.2025 00:00:00,34926478,NaN,NaN,NaN,NaN
19.06.2025 00:00:00,34964809,NaN,NaN,NaN,NaN
20.06.2025 00:00:00,34997189,NaN,NaN,NaN,NaN
21.06.2025 00:00:00,35036323,NaN,NaN,NaN,NaN
22.06.2025 00:00:00,35075083,NaN,NaN,NaN,NaN
23.06.2025 00:00:00,35101444,NaN,NaN,NaN,NaN
24.06.2025 00:00:00,35131371,NaN,NaN,NaN,NaN
25.06.2025 00:00:00,35148506,NaN,NaN,NaN,NaN
26.06.2025 00:00:00,35175858,NaN,NaN,NaN,NaN
27.06.2025 00:00:00,35196140,NaN,NaN,NaN,NaN
28.06.2025 00:00:00,35229257,NaN,NaN,NaN,NaN
29.06.2025 00:00:00,35256558,NaN,NaN,NaN,NaN
30.06.2025 00:00:00,35295485,NaN,NaN,NaN,NaN
01.07.2025 00:00:00,35334464,NaN,NaN,NaN,NaN
02.07.2025 00:00:00,35371725,NaN,NaN,NaN,NaN
03.07.2025 00:00:00,35402673,NaN,NaN,NaN,NaN
04.07.2025 00:00:00,35439249,NaN,NaN,NaN,NaN
05.07.2025 00:00:00,35477700,NaN,NaN,NaN,NaN
06.07.2025 00:00:00,35493117,NaN,NaN,NaN,NaN
07.07.2025 00:00:00,35503910,NaN,NaN,NaN,NaN
08.07.2025 00:00:00,35533144,NaN,NaN,NaN,NaN
09.07.2025 00:00:00,35556951,NaN,NaN,NaN,NaN